"","baseMean","log2FoldChange","lfcSE","stat","pvalue","padj"
"hsa-let-7a-3p",1.179490739536,0.884779541436851,1.96424051269994,0.450443586575191,0.652390622666366,NA
"hsa-let-7a-5p",53333.4038336371,-0.199320229763586,0.267711232191186,-0.744534430371756,0.45655321953385,0.82735786484053
"hsa-let-7b-3p",9.88717521734018,-0.215107819618412,0.990971244694218,-0.217067670500154,0.828155608474626,0.930287418448109
"hsa-let-7b-5p",124169.363405709,-0.38483869954641,0.263043022872837,-1.46302568813031,0.143460350019469,0.539172943416411
"hsa-let-7c-5p",154805.335681762,-0.38890966099974,0.261261264008996,-1.48858523851568,0.136596621106339,0.535879052032562
"hsa-let-7d-3p",400.3133320749,-0.325084845583504,0.216355050098657,-1.50255261171517,0.132954451246875,0.527385989945939
"hsa-let-7d-5p",2619.83929828479,-0.0505587118424153,0.270338162449814,-0.187020254130051,0.851644752619354,0.932629376334691
"hsa-let-7e-3p",1.65728843717708,-4.19162010505499,2.98745105721536,-1.40307574074939,0.16059425436561,NA
"hsa-let-7e-5p",31662.2060553513,-0.419504560581087,0.270094360387625,-1.55317778564142,0.120380666872962,0.488895840485301
"hsa-let-7f-1-3p",1.2927990078625,-2.5436382867033,2.93507910512673,-0.866633639366075,0.38614277591244,NA
"hsa-let-7f-2-3p",0.895768339494068,1.17807560548937,2.30906201254933,0.510196607577773,0.609913728625759,NA
"hsa-let-7f-5p",50233.5200414245,-0.158741652534966,0.273347819357333,-0.580731366023637,0.561421518523416,0.876381027235558
"hsa-let-7g-5p",6833.04333674515,-0.529980406566494,0.251099762656564,-2.11063682800594,0.0348035396400396,0.238939685605656
"hsa-let-7i-3p",2.18076162969369,3.35686730630936,2.04344282094729,1.64275078896174,0.100434505779695,NA
"hsa-let-7i-5p",42664.5281125357,0.237298572349441,0.238365251655151,0.99552502179616,0.319480980850896,0.782506098798176
"hsa-miR-1-3p",43.0522428897502,0.884813394134706,0.629212962498209,1.40622245069725,0.159658079545424,0.553378003861325
"hsa-miR-100-3p",1.10306913666606,0.132828684247144,2.97029709664205,0.0447189893554109,0.964331297521889,NA
"hsa-miR-100-5p",51.8777064237255,0.220937661591024,0.608918469368507,0.362836196806696,0.716727250693976,0.889715891412937
"hsa-miR-101-3p",993.655584806999,0.304138447480275,0.327063641214341,0.929906015694842,0.352419748033748,0.813771512885725
"hsa-miR-101-5p",1.69768035256471,3.78044593045941,2.41608424013236,1.56469955296439,0.117653373365442,NA
"hsa-miR-10394-3p",0.767089899356947,3.05868332340468,3.00361778726813,1.01833307032938,0.308519697419231,NA
"hsa-miR-10398-5p",0.442385872119915,2.28881623530492,3.02363500060951,0.756975043232247,0.449064814360931,NA
"hsa-miR-10399-3p",0.425298896730606,2.25546095101539,3.02454713229409,0.745718566238591,0.455837441268749,NA
"hsa-miR-10399-5p",3.37685772495289,-2.0858835345309,2.03979922087729,-1.022592573417,0.306500522442593,NA
"hsa-miR-103a-3p",1994.42763680885,0.841113965606015,0.301758492557167,2.78737462690191,0.00531370109281979,0.0998416468492981
"hsa-miR-10401-3p",11.9088747753643,0.690909649607349,0.904226635815181,0.764089026181449,0.4448141914173,0.82735786484053
"hsa-miR-105-5p",0.283532597820404,1.73837407048137,3.04156032620875,0.571540224108664,0.567633502050938,NA
"hsa-miR-10527-5p",7.79338443449348,0.59879330114622,1.07927258457857,0.554811925830614,0.579023309054965,0.878457438532382
"hsa-miR-106a-3p",0.670398837499322,-0.576711097245952,3.01246933230573,-0.191441317281242,0.848179852120776,NA
"hsa-miR-106a-5p",184.348949433644,-0.305082041619442,0.321976859502995,-0.947527850574006,0.343369871445201,0.813771512885725
"hsa-miR-106b-3p",479.061835340933,1.14183017515207,0.385480552938033,2.96209540649804,0.00305553088834788,0.083909579010784
"hsa-miR-106b-5p",27.4848735090214,-0.302098726959562,0.643651445127725,-0.469351431192101,0.638818458570445,0.883537316520756
"hsa-miR-107",1993.45127040949,0.841535734615464,0.301855477847422,2.78787630629262,0.00530547967976247,0.0998416468492981
"hsa-miR-10a-3p",8.17244966642854,0.196012727228411,1.32922611490005,0.147463794933904,0.882765954730619,0.938846074356208
"hsa-miR-10a-5p",1013.89035561054,0.103742102462491,0.401715874961452,0.258247455300206,0.796215935634113,0.915671208649392
"hsa-miR-10b-3p",25.5181169440136,-0.221672096773807,0.705371711010265,-0.31426281110185,0.753321440852918,0.896452514614972
"hsa-miR-10b-5p",1013.60682301272,0.102962772872833,0.40165928839742,0.256343562434828,0.797685562716977,0.915671208649392
"hsa-miR-11400",0.101392063269841,0.710635837183768,3.06038250977364,0.232204907365102,0.816378866393369,NA
"hsa-miR-11401",0.690380909421252,2.90546884663808,3.00688433060028,0.966272236371012,0.333907974844262,NA
"hsa-miR-1179",2.29192330201375,-1.05850690351933,2.39973744988735,-0.441092796867846,0.659145818001535,NA
"hsa-miR-1180-3p",100.844884786001,1.23463098255204,0.468592640632635,2.63476391964926,0.00841958204739371,0.135574606683598
"hsa-miR-1185-1-3p",0.400590814380474,-1.07169811435335,3.04237924574238,-0.352256582033,0.724645846434024,NA
"hsa-miR-1185-2-3p",0.400590814380474,-1.07169811435335,3.04237924574238,-0.352256582033,0.724645846434024,NA
"hsa-miR-12128",0,0,0,0,1,NA
"hsa-miR-12136",18.0466756783044,-0.460704809460904,0.868964048105078,-0.530177065973613,0.595989170435508,0.879207164650729
"hsa-miR-122-3p",1.03974606015584,2.66221002019763,2.9977226981369,0.888077480232647,0.374499075325582,NA
"hsa-miR-122-5p",11668.8967505299,-0.938614617955199,0.411108889673273,-2.28312897515098,0.0224227722475006,0.205254607496351
"hsa-miR-1224-3p",0.551929385023508,-2.59821876317149,3.01404359430996,-0.862037552501402,0.388666853472944,NA
"hsa-miR-1224-5p",9.09921644883966,0.629750191193265,1.15032930764688,0.547452096549193,0.5840681723992,0.878457438532382
"hsa-miR-1226-3p",5.90900669082481,-0.406068111722139,1.68210703992439,-0.241404442216942,0.809241670158882,0.923000882577383
"hsa-miR-1229-3p",2.72256425431428,0.401841814723313,1.90091432245148,0.211393964460789,0.832579865996571,NA
"hsa-miR-1234-3p",0.491991937482763,0.652472163970625,3.04130354804573,0.214537008116105,0.830128310419108,NA
"hsa-miR-1236-5p",0.883896314604802,0.107734022997408,2.9879324274735,0.0360563786539524,0.971237404483567,NA
"hsa-miR-1237-3p",0.230126969807084,1.09997788220003,3.05858330174126,0.359636398189256,0.719119060501141,NA
"hsa-miR-1246",0.329834362472847,-1.32117836290447,3.04694813489787,-0.433607105999775,0.664573773715242,NA
"hsa-miR-1247-5p",38.0998977120441,-1.34389837545226,0.632825580775001,-2.12364736236869,0.0336996419768309,0.238939685605656
"hsa-miR-1249-3p",7.05662386025195,0.917852260802429,1.19294845847054,0.7693980861329,0.4416570244098,0.82735786484053
"hsa-miR-1250-5p",0.613857242956827,-1.83424990908933,3.01522939559346,-0.608328478015619,0.542969636980438,NA
"hsa-miR-1255a",4.10805683920275,-0.0053678610402049,1.71750080514265,-0.00312539069800266,0.997506303075354,NA
"hsa-miR-1255b-5p",17.6038414346575,0.116720473361462,0.905752878959868,0.128865694024069,0.897463922482758,0.939573666646171
"hsa-miR-125a-3p",15.0598060754827,-0.832354389371834,0.952187870600339,-0.874149330265095,0.38203693585952,0.825829999365243
"hsa-miR-125a-5p",10100.7180935475,-0.555144109964425,0.319238639158899,-1.73896277539294,0.0820413108636025,0.415129208456375
"hsa-miR-125b-1-3p",1.56142392776335,0.0458978854292894,2.88457570853045,0.0159114858013805,0.987305006818526,NA
"hsa-miR-125b-2-3p",6.07313411775268,1.94356645691301,0.988926266067158,1.96532999840558,0.0493760557150775,0.279797649052106
"hsa-miR-125b-5p",1196.67487802675,-0.934486125743053,0.498786037482965,-1.8735210200726,0.0609964728755489,0.33447131634611
"hsa-miR-126-3p",76619.6727552533,-0.519589511363141,0.368571338289765,-1.4097393296346,0.158616667018219,0.553378003861325
"hsa-miR-126-5p",4289.71162405803,-0.635432552211131,0.318464779327414,-1.99529930296575,0.0460102458895336,0.273760963042725
"hsa-miR-1262",3.58262358463226,-0.35014551445247,1.85835070449296,-0.188417349645532,0.850549500213435,NA
"hsa-miR-1266-5p",0.472554329700674,2.39502387076428,3.02057545979563,0.792903174458793,0.427834237683649,NA
"hsa-miR-1268a",8.28982158777478,0.815540526560842,1.05770028762022,0.771050680524795,0.440676892179453,0.82735786484053
"hsa-miR-1268b",9.9230251979064,1.24269900456999,1.08076772772481,1.14982985954445,0.250213954311164,0.676715012796102
"hsa-miR-127-3p",35.9488482109027,-0.889667644031102,0.643671928356168,-1.38217561592777,0.166917785246319,0.556912610588187
"hsa-miR-1270",15.1175606487579,0.969893306186966,0.831596778968601,1.16630238441987,0.243492209493113,0.671346592168213
"hsa-miR-1271-5p",3.93231206043481,-2.23199558284395,1.6245257636246,-1.37393670991341,0.169461331743459,NA
"hsa-miR-1273h-3p",12.7520248539925,0.723901718487749,1.01862976030194,0.710662251094229,0.477293557218498,0.843533663004968
"hsa-miR-1273h-5p",4.60981802613656,1.26681661272419,1.8217016795322,0.695402890032739,0.486802849902828,NA
"hsa-miR-1275",13.1790298787207,0.43628204863504,1.00906625898876,0.432362141483415,0.665478229174621,0.884176186771065
"hsa-miR-1277-3p",1.72148257448877,0.318345133857287,2.30614209420463,0.138042289179532,0.890206995526949,NA
"hsa-miR-1277-5p",20.5467540161704,-0.614751522849698,0.686843248966542,-0.895039040967038,0.370766218446632,0.8201187758563
"hsa-miR-128-1-5p",1.00764540470543,3.47105933096494,2.99634585349424,1.15843080227775,0.246688275184434,NA
"hsa-miR-128-3p",110.463823431904,-0.331114615529493,0.300901582708817,-1.10040835461445,0.271154239968579,0.715891739400897
"hsa-miR-1284",0.517016356868778,1.38305347078648,3.02894335181349,0.456612524614703,0.647949575283916,NA
"hsa-miR-1285-3p",0.417444301792838,1.61505908971152,3.03305450767985,0.532486008946462,0.594389429471122,NA
"hsa-miR-1285-5p",0.449250558142726,2.32858157057217,3.0225739460537,0.770396890905645,0.441064497140619,NA
"hsa-miR-1287-5p",5.37425225926965,0.42861015822056,1.0669864720361,0.401701586152874,0.687903657059645,0.884176186771065
"hsa-miR-129-5p",0.756381635433685,-2.07264282761626,3.00901961954795,-0.68881000780169,0.490942836923499,NA
"hsa-miR-1292-5p",7.4716742355046,-0.378799199994552,1.00685099987647,-0.376221705139118,0.706752080421836,0.889715891412937
"hsa-miR-1294",60.0960055327047,-0.735376586994575,0.338565885139951,-2.17203392093269,0.0298531044400041,0.231680242350212
"hsa-miR-1296-5p",11.7012103618839,-0.310601079391557,1.19037847360243,-0.260926324088832,0.794149324146551,0.915671208649392
"hsa-miR-1297",1.12085058147906,0.0767958356214065,1.87762936933425,0.0409004230950202,0.967375280150126,NA
"hsa-miR-1298-5p",0.0424517804625663,0.349967144090691,3.06038250977364,0.114354053120169,0.908957135287936,NA
"hsa-miR-1299",9.16937440035428,-0.866578800460841,1.15998568843904,-0.747059906943312,0.455027400088193,0.82735786484053
"hsa-miR-1301-3p",34.1969073212429,-1.49940628456394,0.481890781370285,-3.11150647103124,0.00186135394450676,0.0636295210601659
"hsa-miR-1303",6.25478677795652,4.23751531501302,1.27769301385825,3.31653634249512,0.000911407327751124,0.0464817737153073
"hsa-miR-1304-3p",0.620920558151446,-2.76893886553785,3.00962552601487,-0.920027704976398,0.357558281551635,NA
"hsa-miR-1306-3p",4.41738807454689,3.59922997465947,1.50103222108292,2.39783658478883,0.0164922210992272,NA
"hsa-miR-1306-5p",241.11566228403,0.509612165302934,0.293552407459317,1.73601766619325,0.0825607109254975,0.415129208456375
"hsa-miR-1307-3p",469.287197579853,0.291819784979337,0.382220929659149,0.763484577465635,0.445174456582669,0.82735786484053
"hsa-miR-1307-5p",9.16057443794075,1.54652166194659,0.997619641127256,1.55021172217409,0.121090707208822,0.488895840485301
"hsa-miR-130a-3p",68.9497866823901,-0.680738754551657,0.535563673245758,-1.2710696945259,0.203703855520904,0.58791218075538
"hsa-miR-130b-3p",28.420226247938,-0.595978581234398,0.565806306667274,-1.05332615457195,0.292191535810469,0.753039880326656
"hsa-miR-130b-5p",15.7218250482209,0.542406147220645,0.931625702394679,0.582214666068602,0.560422095838562,0.876381027235558
"hsa-miR-132-3p",11.6526910135565,0.807036186483098,0.99337464359417,0.812418750254312,0.416551390802061,0.82735786484053
"hsa-miR-132-5p",2.01390625037851,-2.4520614817769,2.42106960740481,-1.0128009018317,0.311155269871466,NA
"hsa-miR-1323",0,0,0,0,1,NA
"hsa-miR-133a-3p",8.56159622310789,-0.565897836538654,1.08985343776837,-0.519242144794634,0.603591892867155,0.883537316520756
"hsa-miR-133b",1.63016821462801,-0.151564455147027,2.30202286107813,-0.0658396828761481,0.947505462394085,NA
"hsa-miR-134-5p",60.6790659712578,-0.717268391313997,0.508045130608992,-1.41182022639251,0.15800290132487,0.553378003861325
"hsa-miR-1343-3p",1.39201994234099,1.27604033700281,2.636910959911,0.483914836868774,0.628446310253136,NA
"hsa-miR-135a-3p",0,0,0,0,1,NA
"hsa-miR-135a-5p",2.50869390043163,0.355479554786863,1.35651673129668,0.26205320331513,0.793280424624128,NA
"hsa-miR-135b-5p",2.50869390043163,0.355479554786863,1.35651673129668,0.26205320331513,0.793280424624128,NA
"hsa-miR-136-3p",1.84655549825213,3.4849308526202,2.68310779053963,1.29884116654117,0.193998443718058,NA
"hsa-miR-136-5p",1.45251319633007,0.447984193378255,2.60488057601957,0.171978783788547,0.863454208558927,NA
"hsa-miR-137-3p",0.297162463237964,1.80603311921497,3.0390447845794,0.594276572816257,0.552327145012664,NA
"hsa-miR-138-5p",0.472360887210308,-1.19649872784016,3.03763706322437,-0.393891272372779,0.693661314214635,NA
"hsa-miR-139-3p",395.166794535043,-0.486232868178771,0.357884800441153,-1.35862955783371,0.174264004001195,0.566790099404508
"hsa-miR-139-5p",129.531153849987,-0.518222422224732,0.38142619711046,-1.35864402117785,0.174259418592942,0.566790099404508
"hsa-miR-140-3p",909.673283265324,0.69505787739565,0.336004949408462,2.06859416392319,0.0385841860532092,0.25508434112955
"hsa-miR-140-5p",147.333138117893,-0.549634809331003,0.238842008604718,-2.30124848028994,0.0213775900208794,0.200836832564578
"hsa-miR-141-3p",69.3026751494655,-0.536963579584248,0.59493521267347,-0.902558073796449,0.36676048663676,0.818334335808272
"hsa-miR-141-5p",1.2807907675163,-2.96645818602545,2.94972063984337,-1.00567428181368,0.314572278504128,NA
"hsa-miR-142-3p",19685.1518201859,0.213391188223717,0.336140989320569,0.634826441889867,0.525541615853296,0.867363193521778
"hsa-miR-142-5p",2759.82161251432,-0.240819646967521,0.262675575200773,-0.916794973356214,0.359250087163396,0.813771512885725
"hsa-miR-143-3p",1189.33654311673,-1.97928252122594,0.494818636278532,-4.00001611926316,6.33381693160736e-05,0.0113058632229191
"hsa-miR-143-5p",5.489102743298,-0.642591228604181,1.62413480526043,-0.395651411768829,0.692362204311141,0.885925831322858
"hsa-miR-144-3p",409.598441794158,-0.148489534038629,0.395477189119717,-0.375469276418062,0.707311491721354,0.889715891412937
"hsa-miR-144-5p",611.931809775633,1.47767170739364,0.457336395471372,3.23103895081568,0.00123341130522205,0.0550409794955338
"hsa-miR-145-3p",0.138972893108239,-0.732042313269376,3.06038250977364,-0.239199613424637,0.810950802407699,NA
"hsa-miR-145-5p",63.2310827917063,-1.78872776809255,0.721988841593657,-2.4775005720923,0.0132306196696297,0.16627752597114
"hsa-miR-1468-5p",6.93696866454873,0.947575518496695,1.43509446779123,0.660287904220773,0.509069090810694,0.865417454378179
"hsa-miR-1469",1.67994686761269,-2.65106585301055,2.98162656831735,-0.889134099213052,0.373931014806324,NA
"hsa-miR-146a-5p",1774.98290172818,-0.115306265131415,0.312244510425843,-0.369281961031626,0.711917569850032,0.889715891412937
"hsa-miR-146b-3p",26.7695751063757,0.536770550035152,0.7195279413626,0.746003760491423,0.455665143404947,0.82735786484053
"hsa-miR-146b-5p",315.132157461861,0.199438198401142,0.32153278695337,0.620273286251414,0.535077879280857,0.872746703458313
"hsa-miR-148a-3p",1976.05966705917,-0.219046797781806,0.250855530538445,-0.873198997493246,0.382554621183783,0.825829999365243
"hsa-miR-148a-5p",0.464465289869371,-0.535607587248768,3.0466750926107,-0.175800691234786,0.860450526568672,NA
"hsa-miR-148b-3p",434.753693819004,0.146911782738499,0.249416996782494,0.589020734888466,0.555847364279954,0.876381027235558
"hsa-miR-148b-5p",21.502377165843,0.563211065097776,0.610699679522284,0.922239005493411,0.356403921527087,0.813771512885725
"hsa-miR-149-5p",5.21717697699289,-1.65645068680973,1.81881036207529,-0.910733038116021,0.362436051957508,0.813771512885725
"hsa-miR-150-3p",119.521969644515,0.421938516293873,0.48944835847447,0.862069529886639,0.3886492575111,0.82735786484053
"hsa-miR-150-5p",18291.4936669675,-0.190701054567052,0.355446415224525,-0.536511401997376,0.591605157884136,0.879207164650729
"hsa-miR-151a-3p",1322.5372052507,-0.214695878305352,0.314029157199417,-0.683681350547377,0.494176402372281,0.852275244671035
"hsa-miR-151a-5p",179.894739442586,-0.944878155006428,0.378173167995824,-2.498533039808,0.0124708516875959,0.164892372313768
"hsa-miR-151b",74.7253354830843,-0.763631842560265,0.329128921096693,-2.32016025822271,0.0203322095881847,0.198281960740368
"hsa-miR-152-3p",86.132906785584,-0.31281889794741,0.398131372752869,-0.785717778994485,0.432032845005665,0.82735786484053
"hsa-miR-1537-3p",1.15053327924434,3.62626873165107,2.99409743123632,1.21113918799687,0.22584206454689,NA
"hsa-miR-1538",0.42051727420071,-2.21794007565739,3.02594278456523,-0.732974888676246,0.463573745306082,NA
"hsa-miR-154-5p",0.76711599464126,-2.56190484896427,3.00606678645436,-0.852244820543734,0.39407822487143,NA
"hsa-miR-155-5p",2915.53445062505,0.357786587407093,0.350739443662558,1.02009224759824,0.30768471309765,0.773545370252543
"hsa-miR-15a-3p",0.60137604704009,2.72347017098032,3.01123322209442,0.904436810472637,0.36576382666982,NA
"hsa-miR-15a-5p",580.400152219152,-0.0535626586888762,0.329467764389591,-0.162573290859312,0.870854417987572,0.938846074356208
"hsa-miR-15b-3p",23.298890550739,0.198691974925067,0.884765018826564,0.224570333023095,0.822313546215077,0.929006126578426
"hsa-miR-15b-5p",877.564219662407,0.319466124491403,0.390508033993684,0.818078238299624,0.41331251406749,0.82735786484053
"hsa-miR-16-1-3p",0.860438687118392,1.0562228173761,3.00082209610977,0.351977819260053,0.724854897075636,NA
"hsa-miR-16-2-3p",22.3504160003723,-0.21303074982474,0.655425978683892,-0.325026405350166,0.745161087162842,0.896452514614972
"hsa-miR-16-5p",140190.776852273,-0.141389843936835,0.304141303652235,-0.464882086842452,0.642015899189761,0.883537316520756
"hsa-miR-17-3p",14.7499906973261,0.673857962673246,0.848423672315713,0.794247007316519,0.427051647584399,0.82735786484053
"hsa-miR-17-5p",208.577690797686,-0.257916331269905,0.312867917301304,-0.824361709869797,0.409734064537773,0.82735786484053
"hsa-miR-181a-2-3p",58.570162976252,0.263577188152443,0.443098308643122,0.594850359414781,0.551943501668988,0.876381027235558
"hsa-miR-181a-3p",25.1565718659088,0.71579622088641,0.7592824774421,0.942727169600716,0.345820472485365,0.813771512885725
"hsa-miR-181a-5p",326.150706681842,0.913248314400573,0.298666099398902,3.05775686038216,0.00223000432666797,0.066342628718372
"hsa-miR-181b-5p",63.5398857678422,0.85610139178321,0.3878164827522,2.20749099086185,0.0272797757162546,0.221338180243247
"hsa-miR-181c-3p",1.98584125527167,0.893741348099158,2.25252015646197,0.396773962503828,0.691534152957985,NA
"hsa-miR-181c-5p",2.85802241239774,-0.0172640524127513,2.12526960669253,-0.00812322933447421,0.993518672010649,NA
"hsa-miR-181d-3p",0.812331740272779,0.510054971255147,2.99783138185837,0.170141314265301,0.864899003072893,NA
"hsa-miR-181d-5p",60.8990133475488,0.900776828956749,0.396315821877589,2.27287627501022,0.0230336368863161,0.205575209210372
"hsa-miR-182-5p",2930.81855088872,0.671597843473538,0.330740880068724,2.03058612934085,0.0422969959596072,0.260979347693246
"hsa-miR-1827",10.0693498851336,-0.572385523018791,0.625683826976402,-0.914815915547676,0.360288278076855,0.813771512885725
"hsa-miR-183-3p",0.297162463237964,1.80603311921497,3.0390447845794,0.594276572816257,0.552327145012664,NA
"hsa-miR-183-5p",1256.07667732352,0.623738293178555,0.33400055743511,1.86747680293838,0.0618350332740707,0.33447131634611
"hsa-miR-184",6.15796774056302,0.931347041827195,1.50263146573506,0.619810687493889,0.53538243153325,0.872746703458313
"hsa-miR-1843",24.9296408948641,-0.253976661159107,0.595907041138718,-0.426201812742107,0.669960796709811,0.884176186771065
"hsa-miR-185-3p",37.9079964906036,-0.0384062442456751,0.751483427626119,-0.051107240471021,0.959240066473094,0.972865635599132
"hsa-miR-185-5p",1544.53484985867,0.332004382658633,0.36442040637923,0.911047726326104,0.362270227400855,0.813771512885725
"hsa-miR-186-5p",212.86557498566,0.0970368877103323,0.277464704765745,0.34972696001914,0.726543618671875,0.891326707442816
"hsa-miR-187-3p",3.78908343251276,0.525660429268146,2.03488411467794,0.258324503826274,0.796156476559424,NA
"hsa-miR-188-5p",0.36772029776578,0.779340262634747,3.04930925251915,0.255579279796204,0.798275719459351,NA
"hsa-miR-18a-3p",11.993907348051,3.4305270550865,1.18235244151454,2.90144201900759,0.00371449512257239,0.0884435316262137
"hsa-miR-18a-5p",36.4554206902064,0.122429337696434,0.468965622171686,0.26106249991095,0.794044309853462,0.915671208649392
"hsa-miR-18b-5p",36.4554206902064,0.122429337696434,0.468965622171686,0.26106249991095,0.794044309853462,0.915671208649392
"hsa-miR-1908-5p",21.5164663554005,0.330563083400887,0.572693222789148,0.5772079540089,0.563798984518087,0.876381027235558
"hsa-miR-190a-5p",499.281294151572,0.331057715348575,0.380285280206984,0.87055095892322,0.383999383458348,0.825829999365243
"hsa-miR-190b-5p",40.652229369104,-0.98666944503101,0.464241796630317,-2.12533522873795,0.0335586507117231,0.238939685605656
"hsa-miR-191-3p",13.0090289585324,-0.537737417861005,0.98650603743037,-0.545092880791376,0.585689638801656,0.878457438532382
"hsa-miR-191-5p",5218.80667198593,0.334488305246275,0.274907910789378,1.21672855570368,0.223707510578905,0.628847096666686
"hsa-miR-1914-5p",0.89566943318951,-3.30573133501571,2.99866302939999,-1.10240173790957,0.27028705632695,NA
"hsa-miR-192-3p",0.956760340362535,3.39770809027978,2.99749437677107,1.13351608483744,0.256997590363748,NA
"hsa-miR-192-5p",348.278698889218,0.625061129691317,0.352867179920319,1.77137791571452,0.0764978785070722,0.395793371406156
"hsa-miR-193a-5p",133.315744089387,-0.438791424383756,0.405285698020573,-1.08267186956467,0.278954094384554,0.726909574418143
"hsa-miR-193b-3p",0.450385559963878,2.31703533640563,3.02287911787994,0.766499501320005,0.443379148476048,NA
"hsa-miR-193b-5p",80.6060232250332,-0.175667133395807,0.811859022305107,-0.216376401037013,0.828694359808277,0.930287418448109
"hsa-miR-194-3p",0.152088094904762,1.09997788220003,3.05858330174126,0.359636398189256,0.719119060501141,NA
"hsa-miR-194-5p",71.7099510426284,-0.80948772577288,0.444398827450705,-1.82153434206051,0.0685256712724757,0.359759774180498
"hsa-miR-195-3p",3.77089309894395,-3.18353135708589,1.95470659722937,-1.62864921088325,0.103387300239546,NA
"hsa-miR-195-5p",106.521780154879,-0.711280497492567,0.513100940224378,-1.38623892831209,0.165673958279283,0.556912610588187
"hsa-miR-196a-5p",128.631331040451,-0.887306801078374,0.41012211844087,-2.16351852577856,0.0305013204214564,0.231680242350212
"hsa-miR-196b-5p",128.631331040451,-0.887306801078374,0.41012211844087,-2.16351852577856,0.0305013204214564,0.231680242350212
"hsa-miR-197-3p",232.881251129303,0.0253544408001233,0.336025690194744,0.0754538761171181,0.939853594396522,0.966938712390658
"hsa-miR-197-5p",5.85580788058473,-0.609006351895736,1.45664314313745,-0.418088915438825,0.675882108996915,0.884176186771065
"hsa-miR-1976",3.07268227633718,-0.717526002147601,1.88538556731539,-0.380572554806012,0.703520449531837,NA
"hsa-miR-199a-3p",1072.09240677337,-0.984979454997211,0.347608446987004,-2.83358895197974,0.00460284957025787,0.0966598409754152
"hsa-miR-199a-5p",27.6097802826864,-0.587804028938975,0.60840165678242,-0.966144688112164,0.333971785745707,0.805594104805523
"hsa-miR-199b-3p",1072.09240677337,-0.984979454997211,0.347608446987004,-2.83358895197974,0.00460284957025787,0.0966598409754152
"hsa-miR-199b-5p",15.6629604633119,-0.754946411712948,0.987083138931791,-0.764825557176411,0.4443754270669,0.82735786484053
"hsa-miR-19a-3p",75.9917040798836,-0.626353298185827,0.403255805724119,-1.55324062120097,0.120365660118745,0.488895840485301
"hsa-miR-19b-3p",75.295292125199,-0.659382742276213,0.402491684937936,-1.63825183712277,0.101369170164933,0.453711554075273
"hsa-miR-200a-3p",90.5326926967815,-0.301237302590963,0.597192025767544,-0.50442284825186,0.613964265499672,0.883537316520756
"hsa-miR-200a-5p",0.432911096346767,2.25458662483697,3.02457131732353,0.745423528922466,0.456015724308065,NA
"hsa-miR-200b-3p",37.4010204487521,0.902199805240108,0.733488035681829,1.23001298092265,0.218692243913228,0.624585048616178
"hsa-miR-200b-5p",2.58523653742495,-0.89601224831322,2.10922011985373,-0.424807368315525,0.670977105853498,NA
"hsa-miR-200c-3p",280.082957079257,-0.179414200191571,0.570152574866301,-0.314677523351786,0.753006511667943,0.896452514614972
"hsa-miR-202-3p",2.62945269634839,-4.07564997085071,2.49554870862824,-1.63316787076098,0.102433695308882,NA
"hsa-miR-203a-3p",549.749919200956,-0.136231678647267,0.529313757163959,-0.257374150593007,0.796889955740677,0.915671208649392
"hsa-miR-204-3p",1.42333442227171,1.23440032344355,2.91378814664384,0.42364106836846,0.671827599622449,NA
"hsa-miR-204-5p",79.138878287389,-0.732863289263856,0.504242880436894,-1.45339342943003,0.1461145497505,0.539172943416411
"hsa-miR-205-5p",54.9104054393113,-0.31121698154062,0.728672892730928,-0.427101082866193,0.669305704272131,0.884176186771065
"hsa-miR-206",6.15749492267518,-0.294623171461228,1.52880430673768,-0.192714770728195,0.847182354929162,0.932629376334691
"hsa-miR-208a-3p",1.00607430131012,3.4636299117491,2.99645957970572,1.15590743663202,0.247719020487656,NA
"hsa-miR-20a-3p",1.95159938172883,0.419028795772574,2.23818019783769,0.187218525200696,0.851489300627351,NA
"hsa-miR-20a-5p",611.537063326562,0.0508515886926109,0.34561373312161,0.147134166901632,0.88302612205825,0.938846074356208
"hsa-miR-20b-5p",170.740872820966,0.190905670630968,0.476232111466948,0.400866858899785,0.688518151043014,0.884176186771065
"hsa-miR-21-3p",2.2441890190653,1.02129853016507,2.43906520701086,0.418725390050845,0.675416837597004,NA
"hsa-miR-21-5p",3135.39431716795,0.545138262395656,0.230946067619319,2.36045700199684,0.0182524341195055,0.197458150929196
"hsa-miR-210-3p",12.7005838737937,-0.426055642292722,0.917031092384221,-0.464603267905568,0.642215591626409,0.883537316520756
"hsa-miR-2110",107.644212054432,0.310886149674835,0.352717100835695,0.881403677162944,0.378099368110204,0.825829999365243
"hsa-miR-2116-3p",1.98801931013406,-0.926910753198403,2.44733918090772,-0.378742252168991,0.704879274027385,NA
"hsa-miR-2116-5p",0.790891117563949,-3.1221051289139,3.00196954809686,-1.04001892054275,0.298331110377631,NA
"hsa-miR-212-3p",0.378549603017951,-2.088938861686,3.03072975858427,-0.689252763552824,0.49066421805533,NA
"hsa-miR-214-3p",14.6067541021526,-0.723468226693228,0.888944594000277,-0.813850752427212,0.41573045622335,0.82735786484053
"hsa-miR-214-5p",0.341942482085877,1.95918073060764,3.03360941205586,0.645824977606435,0.518392710027556,NA
"hsa-miR-215-5p",63.4468192841814,0.582591887130549,0.692693444703282,0.841052981784899,0.400318253803385,0.82735786484053
"hsa-miR-216a-5p",0.870305987140296,2.73309599099771,3.00291648517943,0.910147186738829,0.362744892216063,NA
"hsa-miR-218-5p",6.40771680558753,0.75811650810299,1.17376819072538,0.645882648800085,0.518355357414196,0.867363193521778
"hsa-miR-219a-1-3p",0.533060258076633,1.42282401724089,3.02774248220275,0.469929006711875,0.638405739612161,NA
"hsa-miR-219a-2-3p",0.469708522322766,-2.38625851038151,3.02029497812816,-0.790074654185068,0.429484171004548,NA
"hsa-miR-219a-5p",0.701005062594156,2.40134521586015,3.01026679330313,0.797718401971005,0.425033922539697,NA
"hsa-miR-22-3p",380.775595401834,0.327074908336307,0.327971023806362,0.997267699263019,0.318634587863064,0.782506098798176
"hsa-miR-22-5p",4.22722630424038,-0.55575803576455,1.54417073939726,-0.359907114922719,0.718916596156231,NA
"hsa-miR-221-3p",568.999215865448,0.285839587259531,0.310133670383933,0.921665767234088,0.356702941982728,0.813771512885725
"hsa-miR-221-5p",14.0517177572784,1.83501365825815,0.914703703314082,2.00612903567535,0.0448424827082976,0.27133502248919
"hsa-miR-222-3p",226.375594873728,0.21785129007286,0.388743204771372,0.560398966204395,0.575207336615334,0.877559910990061
"hsa-miR-222-5p",0.297162463237964,1.80603311921497,3.0390447845794,0.594276572816257,0.552327145012664,NA
"hsa-miR-223-3p",6801.20658601012,-0.515475622883907,0.328103305696175,-1.57107720018292,0.116164717821826,0.488895840485301
"hsa-miR-223-5p",189.670665656879,0.198055388120612,0.392358235231008,0.504782034214225,0.613711935668166,0.883537316520756
"hsa-miR-224-5p",257.859350460992,-0.0726686039023864,0.352073187819448,-0.20640198236184,0.836476922470148,0.930287418448109
"hsa-miR-2276-3p",1.68055136973918,-0.191378861600657,2.83207006564591,-0.0675756097711546,0.946123471589675,NA
"hsa-miR-2277-3p",1.6249002736462,-3.73643062610543,2.43023593617828,-1.53747649373551,0.124176667009701,NA
"hsa-miR-2277-5p",0.466969585088229,2.38496380442839,3.02089560270624,0.789488985416061,0.429826264941808,NA
"hsa-miR-2355-3p",2.00679040156401,-0.653518625099617,2.46137094723314,-0.26551001011621,0.790616599545983,NA
"hsa-miR-23a-3p",586.488180521742,-0.230097535568992,0.293561538721065,-0.783813630938979,0.433149474398505,0.82735786484053
"hsa-miR-23a-5p",11.4746253715982,-1.84530460792039,0.936193927527502,-1.97107090065609,0.0487157666262492,0.279797649052106
"hsa-miR-23b-3p",566.419852003524,-0.240141592924569,0.29011815173829,-0.8277372218378,0.407819334493633,0.82735786484053
"hsa-miR-23b-5p",6.63325224381725,-0.173356961253688,1.31658966753929,-0.131671215054948,0.895244354305256,0.939573666646171
"hsa-miR-23c",105.189683719561,-0.226044666433066,0.347867188257,-0.64980163138027,0.515820365034489,0.867363193521778
"hsa-miR-24-3p",327.650308451624,-0.48253897926762,0.237753992058551,-2.02957256401729,0.0424000060678103,0.260979347693246
"hsa-miR-25-3p",5045.4266933928,0.288756088367157,0.338782564037275,0.852334562103931,0.394028428417541,0.82735786484053
"hsa-miR-25-5p",65.9719448521209,0.893891594251874,0.554027865956988,1.613441577903,0.106648606208736,0.464311614835593
"hsa-miR-26a-1-3p",2.93499005001579,0.49659925348719,1.91397097253772,0.259460180228728,0.795280201815357,NA
"hsa-miR-26a-2-3p",1.53026838098642,4.06602674510033,2.42565366553699,1.67626021920165,0.0936872333280859,NA
"hsa-miR-26a-5p",3569.33855542783,0.123632534305547,0.227791667867131,0.542743882878371,0.587306155583354,0.878457438532382
"hsa-miR-26b-3p",9.30886373161124,-1.40898639058902,1.04498359833177,-1.34833349809351,0.177551142638294,0.567477338391473
"hsa-miR-26b-5p",8275.14512824979,0.0231433621690228,0.221568120418527,0.104452581559597,0.916810196797208,0.952356862126208
"hsa-miR-27a-3p",609.912275134325,-0.53208058331088,0.313950544007153,-1.69479108562639,0.0901150591553945,0.428947681579678
"hsa-miR-27a-5p",28.0554102750306,2.10284631785296,0.761390859490987,2.76184865058504,0.0057475114657098,0.100364613309042
"hsa-miR-27b-3p",637.333820916946,-0.537197351102365,0.320641211287476,-1.67538461118378,0.0938587939773481,0.44088933486728
"hsa-miR-27b-5p",0.382215064711846,2.08942218573284,3.02940387826781,0.689713973340378,0.490374076770004,NA
"hsa-miR-28-3p",247.256426142722,0.0697782877084029,0.337783186229903,0.20657714934606,0.836340107505454,0.930287418448109
"hsa-miR-28-5p",8.72590648808947,0.201947935848269,0.896343504012466,0.225301946122499,0.821744385802686,0.929006126578426
"hsa-miR-296-3p",1.872646849519,-3.51758928286485,2.14137346772768,-1.64267902627819,0.100449360491781,NA
"hsa-miR-296-5p",13.1084592066691,-0.875234572669749,0.649843524793442,-1.34683895318946,0.178032106162031,0.567477338391473
"hsa-miR-29a-3p",877.104868767307,0.609656674197747,0.288802264739368,2.11098301028885,0.0347737722091471,0.238939685605656
"hsa-miR-29a-5p",1.207489629988,0.265424810476865,2.96092698844665,0.0896424705886147,0.928571333596335,NA
"hsa-miR-29b-1-5p",7.25092848463938,-0.237108793332901,1.33806327629848,-0.177202975025831,0.859348958913552,0.938188312942318
"hsa-miR-29b-2-5p",4.53673725588936,-0.810827551024417,1.52644212822637,-0.531187875407075,0.595288594065087,NA
"hsa-miR-29b-3p",199.113612185109,0.17181285110108,0.265806366949918,0.6463835049273,0.518031020266728,0.867363193521778
"hsa-miR-29c-3p",897.056112124814,0.59057597333753,0.283561475118282,2.08270877802136,0.0372777768385592,0.251097477950295
"hsa-miR-29c-5p",26.9369929571967,0.682412947513729,0.529332400668816,1.28919549729337,0.197330130018638,0.58791218075538
"hsa-miR-301a-3p",21.9876818773009,0.459365537774664,0.715946478632542,0.641619941552128,0.521119981860511,0.867363193521778
"hsa-miR-3059-3p",0.399688140014917,1.61466331103215,3.03306770606667,0.53235320392042,0.594481389628494,NA
"hsa-miR-3064-5p",1.28270253659321,3.81762983821578,2.52144735325906,1.51406287871978,0.130009892488467,NA
"hsa-miR-3065-3p",0.481100837632072,2.40254179077527,3.02033762975578,0.795454709137778,0.426349046563483,NA
"hsa-miR-3065-5p",11.3247136648693,-0.519261747441027,1.14141143575024,-0.45492951198594,0.649159950445187,0.883537316520756
"hsa-miR-3074-5p",2.77671592480705,0.996442383731144,2.11158349219833,0.471893433251728,0.637002855497907,NA
"hsa-miR-30a-3p",80.4423132707589,-0.289856398538214,0.365597849082566,-0.792828511616199,0.427877742561719,0.82735786484053
"hsa-miR-30a-5p",4573.6965340953,0.135863953089306,0.198681296852596,0.683828600082599,0.494083404475291,0.852275244671035
"hsa-miR-30b-3p",4.23379773120967,-1.77821711717114,1.37608214792856,-1.29223180450958,0.196276880584762,NA
"hsa-miR-30b-5p",43.4934013345926,-0.889196055739273,0.728112080882959,-1.22123513547663,0.221997004654093,0.628847096666686
"hsa-miR-30c-1-3p",7.24433883321253,0.255100428532201,1.09956796708343,0.232000600389303,0.816537547480649,0.928356383600611
"hsa-miR-30c-2-3p",19.2734196523956,-1.13604061146927,0.88570175095973,-1.28264464898966,0.19961660003807,0.58791218075538
"hsa-miR-30c-5p",188.178226943749,0.0321349013598599,0.310902467558134,0.103360071768653,0.917677200480155,0.952356862126208
"hsa-miR-30d-3p",5.47344240992939,1.14559761757077,1.51783304056513,0.754758650624861,0.450393808190839,0.82735786484053
"hsa-miR-30d-5p",3384.94004060597,0.119041154312277,0.210640788990281,0.565138190389942,0.57197977407811,0.876381027235558
"hsa-miR-30e-3p",75.370282292661,-0.25879806462774,0.369694661307121,-0.700031922864976,0.483907368588588,0.851009510276482
"hsa-miR-30e-5p",1558.82661140636,0.112612855500095,0.242805851809198,0.46379794663511,0.642792514630487,0.883537316520756
"hsa-miR-31-3p",0.742814897571618,3.0205175681408,3.00439993386615,1.00536467668401,0.314721282279858,NA
"hsa-miR-31-5p",6.83359891694854,0.780247577415722,1.23140209948785,0.633625342802514,0.526325357703069,0.867363193521778
"hsa-miR-3115",0.492371541925823,-2.44969402212029,3.01832859257045,-0.811606141276386,0.417017666256684,NA
"hsa-miR-3124-5p",3.5232493798955,0.115471244635299,1.71081474128773,0.0674948852430295,0.946187733726982,NA
"hsa-miR-3127-3p",0.408128662646787,2.19130432122469,3.02635999815556,0.724072589698581,0.469021171472177,NA
"hsa-miR-3127-5p",3.44732763028634,-0.306575452849512,1.69258393105582,-0.181128656147807,0.856266592242693,NA
"hsa-miR-3129-3p",0.405171762311792,2.16354267569993,3.02716894797913,0.714708267982288,0.474789327762354,NA
"hsa-miR-3135a",0.937988602182766,0.850221231735515,2.85076395832529,0.298243293434573,0.765517481044343,NA
"hsa-miR-3136-5p",0.586329076218156,2.67833058347303,3.01239749514169,0.889102645913285,0.373947917057281,NA
"hsa-miR-3138",18.5845395090767,-0.248958184072828,0.692982371716632,-0.359256157492315,0.719403469202792,0.889715891412937
"hsa-miR-3140-3p",1.54969289868811,2.33339429781546,2.8487039521248,0.819107333380509,0.412725178283051,NA
"hsa-miR-3141",0.694864465541197,-2.93145151325357,3.00587238055857,-0.975241507994039,0.329440477055667,NA
"hsa-miR-3145-3p",0.815998723535724,3.11400749814293,3.00251947720505,1.03713148966536,0.29967458140438,NA
"hsa-miR-3146",2.18916014111962,0.791468573659457,2.20674865063283,0.358658233882906,0.719850776803422,NA
"hsa-miR-3150a-3p",0.616687362674979,1.08368521553942,3.02673351073112,0.358037868777439,0.72031497432511,NA
"hsa-miR-3150b-3p",1.14784060022033,3.65454911395081,2.99371285037367,1.22074136585767,0.222183960327517,NA
"hsa-miR-3154",1.83015189103122,0.351415916879517,2.52491751706163,0.139179167044029,0.889308570557343,NA
"hsa-miR-3157-3p",0.297162463237964,1.80603311921497,3.0390447845794,0.594276572816257,0.552327145012664,NA
"hsa-miR-3157-5p",3.17181424307257,1.9497018593216,1.56988333921289,1.241940601968,0.214258478216625,NA
"hsa-miR-3158-3p",3.00356834688643,0.674979850437671,1.90949843927703,0.353485416145839,0.72372456022738,NA
"hsa-miR-3163",2.65497739402929,0.805557381013724,1.93437121711579,0.416444048529029,0.67708510169931,NA
"hsa-miR-3164",0.84297815716582,1.71045679587217,3.00916728646332,0.568415323257906,0.569752988029504,NA
"hsa-miR-3168",6.79812774307705,-0.623991500872812,1.43722004916668,-0.434165597143327,0.664168193482767,0.884176186771065
"hsa-miR-3173-5p",28.9320189151408,-0.205005392559411,0.406052032447663,-0.504874686437716,0.613646854465522,0.883537316520756
"hsa-miR-3174",1.76718210798723,-0.114282738511359,2.28952081666571,-0.0499155708388764,0.96018966903603,NA
"hsa-miR-3177-3p",1.16632841642438,3.68446352856088,2.59484734689582,1.41991533065271,0.1556323321747,NA
"hsa-miR-3178",0.359287919438474,-1.32117836290448,3.04694813489787,-0.433607105999775,0.664573773715242,NA
"hsa-miR-3187-3p",3.52696077363458,0.114701471672285,2.05241336554145,0.0558861453535827,0.95543250798631,NA
"hsa-miR-3188",3.35554910469833,1.3201823582004,1.84049407298866,0.717297804744701,0.473190361490023,NA
"hsa-miR-3190-3p",0,0,0,0,1,NA
"hsa-miR-3191-3p",0.331230902640707,-1.90318966574678,3.03817355539929,-0.626425591245281,0.531035828310817,NA
"hsa-miR-3192-5p",1.19539851137084,2.81270289828959,2.35387136719929,1.19492634027671,0.232115810565306,NA
"hsa-miR-3198",0.538691022368458,-0.375375305337236,3.03676501012032,-0.123610257654531,0.901623870346374,NA
"hsa-miR-32-3p",2.5899525220653,4.02518983864822,2.00410037943885,2.00847716009877,0.0445926107422973,NA
"hsa-miR-32-5p",77.3781976257337,-0.0293834500248594,0.468852928717635,-0.062670932023879,0.950028544761539,0.96902911565677
"hsa-miR-3200-3p",6.18308201923919,-0.318513872820409,1.51383769972272,-0.210401599113795,0.833354244675949,0.930287418448109
"hsa-miR-3202",0.810693736970746,0.75128361127957,3.00758833418234,0.249796025187675,0.802745093768142,NA
"hsa-miR-320a-3p",1163.80869853095,0.235468725079359,0.224015548758402,1.0511267025188,0.293200401583768,0.753039880326656
"hsa-miR-320b",1145.46058355492,0.222983461674309,0.226817514318901,0.983096311340397,0.325560039573341,0.7906458103924
"hsa-miR-320c",60.5077187083852,0.187910892408454,0.399047193910446,0.470898919416094,0.637712919740252,0.883537316520756
"hsa-miR-320d",36.3215647967098,-0.190526837570153,0.472223306674799,-0.403467670648796,0.686604213302323,0.884176186771065
"hsa-miR-320e",33.733631480285,-0.0203547112323465,0.492208282985027,-0.0413538575761141,0.967013797624035,0.977086870739096
"hsa-miR-323a-3p",4.23521605207621,-0.981357521703338,1.51307310896665,-0.648585660459957,0.516606226531765,NA
"hsa-miR-323b-3p",4.09500693377504,-0.349638251404608,1.49589983473575,-0.233731058247206,0.815193774501701,NA
"hsa-miR-324-3p",22.4342292004151,0.205619144620589,0.754079881405548,0.272675547632077,0.785102632814034,0.915671208649392
"hsa-miR-324-5p",66.1680171676659,-0.540331546438162,0.492635251602179,-1.09681868011041,0.272720662628913,0.715891739400897
"hsa-miR-326",1.15690339928607,0.667093041868693,2.21430902130532,0.301264654323382,0.763212691348447,NA
"hsa-miR-328-3p",297.760858445693,-0.118454795241762,0.36587545548299,-0.323757151420258,0.746121898551898,0.896452514614972
"hsa-miR-329-3p",1.16619293063497,0.557175204545856,2.75543452543744,0.202209560561923,0.839752899268364,NA
"hsa-miR-330-3p",6.70297754988631,-0.143576121036993,1.38052097781758,-0.104001404791376,0.917168233755276,0.952356862126208
"hsa-miR-330-5p",3.75232429779771,0.224181957583744,1.36662509928064,0.164040568040019,0.869699207683718,NA
"hsa-miR-331-3p",13.8212260693015,0.484874961112795,1.07255272722409,0.452075640484097,0.651214491677945,0.883537316520756
"hsa-miR-331-5p",1.23055215187246,-2.44818371515649,2.67933491180956,-0.913728143639587,0.36085971192734,NA
"hsa-miR-335-3p",15.8121240805307,-0.55676601207012,0.977214986949793,-0.569747721336089,0.568848818051234,0.876381027235558
"hsa-miR-335-5p",104.711301716531,-0.314623523826351,0.435671352370039,-0.72215793421993,0.470197382681575,0.835126694613543
"hsa-miR-337-3p",0.804430772555828,2.61119964887056,3.0054267466142,0.868828246042675,0.384941081053019,NA
"hsa-miR-337-5p",1.38483246802476,3.92368567944659,2.99040272953365,1.31209272941591,0.189488848838818,NA
"hsa-miR-338-3p",37.8628198706236,-0.989723876957069,0.486421046543756,-2.03470611312876,0.0418804527326126,0.260979347693246
"hsa-miR-338-5p",0.40822802301262,2.16958700968422,3.0269915380305,0.716746968871891,0.473530238896333,NA
"hsa-miR-339-3p",28.8133875087921,0.937982513578709,0.711531972655717,1.31825771662486,0.187417390374933,0.586912354068869
"hsa-miR-339-5p",314.53459178252,0.202584608543298,0.357264890150157,0.567043149574963,0.570684865878315,0.876381027235558
"hsa-miR-33a-5p",4.22434816007996,-2.67609778480788,1.62251893921672,-1.64934764095868,0.0990764347897447,NA
"hsa-miR-340-3p",7.71195253196998,-0.468098614270036,1.39685668039629,-0.335108548242211,0.737543204751442,0.896452514614972
"hsa-miR-340-5p",61.4533588094042,0.209656441230411,0.387110736309161,0.541592938571902,0.58809895744885,0.878457438532382
"hsa-miR-342-3p",8152.12757001714,-0.135569589509762,0.329431561288989,-0.4115258082113,0.680687021060542,0.884176186771065
"hsa-miR-342-5p",92.1475702663016,-0.542289732766015,0.388814321533377,-1.39472674418826,0.163098256843643,0.556912610588187
"hsa-miR-345-5p",8.68571815238118,1.37333369650692,1.05913506089262,1.29665587252819,0.194749618856611,0.58791218075538
"hsa-miR-34a-5p",54.5431835722885,-0.67636382629488,0.524995163398176,-1.28832391886609,0.197633230304669,0.58791218075538
"hsa-miR-34b-3p",5.5733546918178,1.92360488926799,1.49500565406857,1.28668736739089,0.198203277911498,0.58791218075538
"hsa-miR-34b-5p",0.932569969755113,3.31217424518346,2.99890838240115,1.1044599643726,0.269393661324705,NA
"hsa-miR-34c-3p",5.64613391638699,0.0975701079353062,1.49433529279695,0.0652933169721795,0.947940463275398,0.96902911565677
"hsa-miR-34c-5p",5.0332434983653,1.30694518970588,1.66683181986719,0.78408941689751,0.43298764483529,0.82735786484053
"hsa-miR-3605-3p",31.5025779818477,-0.290667494571357,0.513289816772223,-0.566283384305563,0.57120115376586,0.876381027235558
"hsa-miR-3605-5p",7.53400497987976,-0.402089579553575,1.26055320557951,-0.318978665695213,0.74974269071059,0.896452514614972
"hsa-miR-361-3p",327.600269322975,0.237713417419674,0.23904634531594,0.994423977097394,0.32001649978861,0.782506098798176
"hsa-miR-361-5p",205.641210248495,0.243613973412002,0.318308846395005,0.765338369231779,0.444070081893782,0.82735786484053
"hsa-miR-3611",0.375250057958576,0.810841074501878,3.0483795136765,0.265990855424679,0.790246251730282,NA
"hsa-miR-3613-3p",1.73896247858413,-3.85901254988662,2.13206326514259,-1.80998970010796,0.0702973844467997,NA
"hsa-miR-3613-5p",162.279500882882,0.186110519962028,0.463535769595741,0.401501959868898,0.688050595495063,0.884176186771065
"hsa-miR-3614-5p",1.67066173463844,2.47701881239675,2.21413565437002,1.11872947238254,0.263255567811452,NA
"hsa-miR-3615",267.183774235839,0.847436161300626,0.362410433800232,2.33833268102803,0.019369996940603,0.19757396879415
"hsa-miR-3617-5p",0.670845146341238,0.0828459638754064,3.01065673854525,0.027517572101374,0.978046924643977,NA
"hsa-miR-362-5p",15.1059734765108,1.74974542883505,0.958356196514521,1.8257777590407,0.0678837447718351,0.359759774180498
"hsa-miR-3620-3p",0.660812859458259,-2.8684592226164,3.00727789273086,-0.953839094667636,0.340165096799718,NA
"hsa-miR-3620-5p",0.922669262630438,2.39875819781217,2.86080689316796,0.838490078984627,0.401755517330838,NA
"hsa-miR-3622a-5p",1.19641295439481,-1.25173852445161,2.97196670689092,-0.421181879847202,0.673622274968231,NA
"hsa-miR-363-3p",207.236856835839,1.09459703500388,0.31448808079662,3.48056763306002,0.000500352480765536,0.0446564589083241
"hsa-miR-363-5p",0.283912202263464,-1.70641615257889,3.04590948881319,-0.560232061670281,0.575321160673402,NA
"hsa-miR-365a-3p",13.0281555936805,-0.428988185097006,0.934977788968394,-0.458821792515873,0.646362143972927,0.883537316520756
"hsa-miR-365a-5p",2.05565521726778,4.47726735757267,2.87261452108563,1.55860360821423,0.119090228513699,NA
"hsa-miR-365b-3p",13.0281555936805,-0.428988185097006,0.934977788968394,-0.458821792515873,0.646362143972927,0.883537316520756
"hsa-miR-365b-5p",1.14338806647121,2.25449842672473,2.43260717604826,0.92678277402237,0.35403933052323,NA
"hsa-miR-3667-3p",0.450385559963878,2.31703533640563,3.02287911787994,0.766499501320005,0.443379148476048,NA
"hsa-miR-3667-5p",0.452776118424807,2.32303245270188,3.02272031602936,0.768523783157487,0.442176066585995,NA
"hsa-miR-3679-5p",3.72822593559884,1.22430307450016,1.71455126041961,0.714066183241752,0.475186255552153,NA
"hsa-miR-3681-5p",0,0,0,0,1,NA
"hsa-miR-3682-3p",1.24649395554495,0.909254403155487,2.96724335166679,0.306430681745308,0.759276750549517,NA
"hsa-miR-3683",1.02999515312178,3.49444154419704,2.99599167497257,1.16637224775634,0.2434639740432,NA
"hsa-miR-3688-3p",1.62973311783334,1.48851268219331,1.84764931450128,0.805625109976617,0.420459042725605,NA
"hsa-miR-369-3p",2.00899643335805,4.03996576223762,2.13002522531047,1.89667507888258,0.0578708347873608,NA
"hsa-miR-369-5p",11.3165509985551,-1.60354184324085,1.18129785126689,-1.35744075173008,0.174641207099428,0.566790099404508
"hsa-miR-3691-5p",1.32054890729133,-0.438106261266749,2.95612357347166,-0.148202959172048,0.882182596527403,NA
"hsa-miR-370-3p",31.4788937188732,-1.8374458477629,0.633316930265053,-2.9013054285378,0.00371611477421066,0.0884435316262137
"hsa-miR-370-5p",0.79446997098774,-3.12835859934205,3.00184996489345,-1.04214355678269,0.297345127019912,NA
"hsa-miR-371a-5p",1.58866508382518,-1.18531052880155,2.85632808412908,-0.414977024308801,0.678158722602465,NA
"hsa-miR-374a-3p",12.10353544575,1.05326874174281,0.90537371120843,1.16335246838234,0.244686525948872,0.671346592168213
"hsa-miR-374a-5p",76.3838366967198,1.08411953888449,0.424236771610844,2.55545867645572,0.0106047952179293,0.146460124130355
"hsa-miR-374b-3p",0.881676276289634,2.79666973213372,2.84495852883653,0.983026537570458,0.325594377892785,NA
"hsa-miR-374b-5p",22.5361570361697,0.0570893356600865,0.735074527054706,0.0776646905298594,0.938094782111548,0.966938712390658
"hsa-miR-375-3p",32.1983502685152,-0.560633292381007,0.544543776047266,-1.02954678217155,0.303222808159953,0.773218160807879
"hsa-miR-376a-3p",0.837182604526204,-1.44882508467978,2.95795282689757,-0.489806690460094,0.62427069592576,NA
"hsa-miR-376b-3p",0.837182604526204,-1.44882508467978,2.95795282689757,-0.489806690460094,0.62427069592576,NA
"hsa-miR-376c-3p",0.460253939614168,2.3180661096711,3.02285177774474,0.766847427564093,0.443172234101167,NA
"hsa-miR-377-3p",0.675286270519653,2.8827067312183,3.00739930115967,0.958538073114106,0.33779150247782,NA
"hsa-miR-378a-3p",46.4945592297906,1.4801597822893,0.537638351393526,2.75307700511471,0.00590380078288482,0.100364613309042
"hsa-miR-378a-5p",8.63948913896661,1.81070409454684,1.25169421145133,1.44660259509177,0.148008258977054,0.539172943416411
"hsa-miR-378c",29.4550121996028,1.14576448457898,0.483062376908956,2.37187688246507,0.0176979868796547,0.197443166126148
"hsa-miR-378d",1.18515958816804,1.00383399791334,1.49535590763344,0.671301054678019,0.502028762921197,NA
"hsa-miR-378f",1.34418261485,1.26417998614151,1.45230237177836,0.870466103139055,0.384045735681469,NA
"hsa-miR-378g",1.18515958816804,1.00383399791334,1.49535590763344,0.671301054678019,0.502028762921197,NA
"hsa-miR-378i",29.3993859413057,1.15498995422582,0.493107129880548,2.34226983192396,0.0191668521109369,0.19757396879415
"hsa-miR-379-5p",39.6896238768729,-1.10635593148458,0.498128951500387,-2.22102314702284,0.0263493936623685,0.221273653626743
"hsa-miR-381-3p",15.2634477877549,-0.599331684802695,0.884285844506923,-0.677757863620311,0.497925231484697,0.854612055961716
"hsa-miR-382-3p",0.331230902640707,-1.90318966574678,3.03817355539929,-0.626425591245281,0.531035828310817,NA
"hsa-miR-382-5p",260.156548781022,-1.51979996713723,0.334404372998958,-4.5447969280652,5.49882417261202e-06,0.00196308022962249
"hsa-miR-3913-5p",1.6333013115896,-0.940108267908158,1.90493672904241,-0.493511544806393,0.621651184517596,NA
"hsa-miR-3928-3p",2.01709119455409,0.475462312325367,2.20383116255884,0.215743528997618,0.829187668895548,NA
"hsa-miR-3934-5p",0.532045484099883,2.54723147050114,3.01598778684962,0.84457618880542,0.398347508209609,NA
"hsa-miR-3938",0.331230902640707,-1.90318966574678,3.03817355539929,-0.626425591245281,0.531035828310817,NA
"hsa-miR-3939",0.517522496126191,-2.52561772725702,3.01608403143597,-0.837383077173271,0.40237727495603,NA
"hsa-miR-3940-3p",10.8554830982536,0.870457318779279,1.15876263095999,0.751195538691246,0.45253498474032,0.82735786484053
"hsa-miR-3940-5p",1.38452090796903,0.764942613734912,2.95073929852088,0.259237613474818,0.795451911435386,NA
"hsa-miR-3942-5p",1.16958640776766,1.66364995219462,2.98774671871959,0.556824292290607,0.577647484787999,NA
"hsa-miR-3960",0.975950190435213,2.97045788122595,2.99858785559617,0.990618926066241,0.321871692587311,NA
"hsa-miR-409-3p",167.168077984616,-0.912383579224464,0.557339900280079,-1.63703258777268,0.101623660638946,0.453711554075273
"hsa-miR-409-5p",0.673630885440499,-1.7676413798167,3.01715262128137,-0.585864091643463,0.557966849587506,NA
"hsa-miR-411-5p",8.15958672880588,-1.77820410786715,1.22541840787824,-1.45109955622915,0.146752140089004,0.539172943416411
"hsa-miR-421",28.9986218157466,0.332121466710783,0.683509455409457,0.485906177423434,0.627033688356941,0.883537316520756
"hsa-miR-423-3p",540.687068576376,0.826961902575768,0.234836353810856,3.52143903256916,0.000429211352274285,0.0446564589083241
"hsa-miR-423-5p",23390.252790085,-0.143241635797032,0.289051521638211,-0.495557452820881,0.620206677587976,0.883537316520756
"hsa-miR-424-3p",4.22630725230361,0.0998919865477056,1.5003984884235,0.0665769709303453,0.946918479595003,NA
"hsa-miR-424-5p",20.9038032421101,-0.1573030583687,0.830584057659174,-0.189388487436209,0.849788346887344,0.932629376334691
"hsa-miR-425-3p",53.8791656798663,0.00356903651857058,0.594270069352656,0.00600574840065287,0.995208134881378,0.998003663350146
"hsa-miR-425-5p",1415.76468350063,0.906090567830673,0.272565074454072,3.32430913845255,0.000886378819253648,0.0464817737153073
"hsa-miR-4286",0.651895402261176,-1.75407775459972,3.01755505747475,-0.581291052255936,0.561044310073055,NA
"hsa-miR-429",3.09408931402517,0.92780889144276,1.87148458856646,0.495760903996251,0.6200631114692,NA
"hsa-miR-4301",1.03520577055125,2.56934737718986,2.9992766871369,0.856655669084852,0.391635209945281,NA
"hsa-miR-4306",7.40558007866533,1.55902923214596,1.17247610707969,1.3296895542111,0.183620577920109,0.58011102935822
"hsa-miR-431-5p",43.1398770352243,-1.16078580732772,0.544927424825029,-2.13016587979664,0.0331579209061276,0.238939685605656
"hsa-miR-432-5p",266.52328889913,-1.25440965671041,0.491263249609134,-2.55343679322332,0.0106665636621547,0.146460124130355
"hsa-miR-4326",5.62996481991623,0.658631037588912,1.29433752385801,0.508855708382573,0.610853367709573,0.883537316520756
"hsa-miR-4429",16.014063358036,0.108720356307387,0.544974178689473,0.199496344154932,0.841874502821887,0.932629376334691
"hsa-miR-4433a-5p",2.2683382121587,-2.98985297481167,1.89348266783676,-1.57902315431674,0.114330746204965,NA
"hsa-miR-4433b-3p",13.4771236247751,2.20756563743509,1.27882875924588,1.7262402190086,0.0843042052276418,0.417156710892297
"hsa-miR-4433b-5p",532.802476671217,0.346948362018557,0.469069871196644,0.739651773270914,0.459511318067758,0.827981340299246
"hsa-miR-4435",0.396412635857768,2.14926383551373,3.02759091563004,0.709892417901666,0.477770852599927,NA
"hsa-miR-4437",1.06167919693285,-3.54722611775986,2.99490275625794,-1.18442113365712,0.236246398523901,NA
"hsa-miR-4440",0.33961424370053,1.97533390089469,3.03306775547157,0.651265998700901,0.51487479303137,NA
"hsa-miR-4446-3p",19.6594240955894,-0.411498146173031,1.15210915403879,-0.357169409452653,0.720964985262375,0.889715891412937
"hsa-miR-4449",1.42185602925078,-2.44306470086675,2.91422597812192,-0.83832369871371,0.401848929492619,NA
"hsa-miR-4454",0.806018378357951,3.15060365974417,3.00181537025379,1.0495661028872,0.293917648589796,NA
"hsa-miR-4466",0.675578339945817,2.89476254400731,3.00712555862657,0.962634412022828,0.335731021882433,NA
"hsa-miR-4467",11.7533140883498,0.588944387287433,1.32948476306963,0.442986940239636,0.657775181003071,0.884176186771065
"hsa-miR-4473",0.424517804625663,2.2598074425331,3.02442711293743,0.747185287708356,0.454951723579818,NA
"hsa-miR-4485-3p",0.683624046432989,-2.35498657000877,3.01094957092193,-0.782140821205349,0.434131818740672,NA
"hsa-miR-4489",0.828704250391042,3.17726785587392,3.00131329627053,1.05862585549534,0.289770206939121,NA
"hsa-miR-4499",0.0767089899356947,0.349967144090691,3.06038250977364,0.114354053120169,0.908957135287936,NA
"hsa-miR-449a",6.98389305010578,-1.47464803619206,1.6019457341766,-0.920535574165389,0.357292951796855,0.813771512885725
"hsa-miR-449b-5p",0.941176138497172,-0.254188254200642,2.98168760237189,-0.0852497941093624,0.932062804654929,NA
"hsa-miR-449c-5p",4.66235831669333,-0.217044956493293,1.84252579306144,-0.117797513234625,0.906228099981018,NA
"hsa-miR-4503",1.0814674587518,3.56577607035078,2.99494548132246,1.19059799004297,0.233811441063538,NA
"hsa-miR-4504",1.66784384482124,0.26503579204907,2.56884206603083,0.103173252865087,0.917825467726156,NA
"hsa-miR-4508",0.798463689709931,-1.55624327197486,2.40179752079064,-0.6479494039375,0.517017675525397,NA
"hsa-miR-450b-5p",2.46777351987374,0.190247287772338,2.13690998920753,0.0890291536532573,0.929058740845343,NA
"hsa-miR-4516",17.560358986889,0.511872997208851,1.27079311856696,0.402798055584435,0.687096791682501,0.884176186771065
"hsa-miR-451a",3132.17469714396,0.516286244158098,0.352122929038639,1.46621023961051,0.142591019865847,0.539172943416411
"hsa-miR-452-5p",5.7767614357962,-0.458024579780647,1.41975246362305,-0.322608758580224,0.746991559743136,0.896452514614972
"hsa-miR-4520-3p",0,0,0,0,1,NA
"hsa-miR-4521",0.747058306136645,3.00286961964039,3.00476852475219,0.999368036141169,0.317616438006351,NA
"hsa-miR-4523",0.378549603017951,-2.088938861686,3.03072975858427,-0.689252763552824,0.49066421805533,NA
"hsa-miR-4533",0.450385559963878,2.31703533640563,3.02287911787994,0.766499501320005,0.443379148476048,NA
"hsa-miR-4538",0.780960652087033,-3.10902386403943,3.00222135995705,-1.03557449344239,0.300400696574866,NA
"hsa-miR-454-3p",590.936896563299,0.435591105678574,0.339561168339475,1.28280600461091,0.199560049920999,0.58791218075538
"hsa-miR-454-5p",5.47163602680467,1.21242149772569,1.57560689796614,0.769494916080108,0.441599561424502,0.82735786484053
"hsa-miR-455-5p",3.68570819067022,-1.81049342086193,2.28557991602697,-0.792137438803329,0.428280542174029,NA
"hsa-miR-4632-3p",1.52169554567518,4.04396162789756,2.98910980151448,1.35289831970997,0.176088116287778,NA
"hsa-miR-4632-5p",0.57695046795064,2.64928629717112,3.01316566732614,0.87923685242374,0.379272866731163,NA
"hsa-miR-4640-3p",0.693617207425479,-2.91155482628866,3.00630980039338,-0.96848130086516,0.332804053335524,NA
"hsa-miR-4644",0.977228281754114,-0.332055141382144,2.9776500429957,-0.111515838526168,0.91120730660761,NA
"hsa-miR-4646-3p",0.591248278038393,-2.14879892483041,3.01655176553532,-0.712336167865856,0.47625663255331,NA
"hsa-miR-4646-5p",1.12593550909766,-0.591442572067473,2.45040110955575,-0.241365615515371,0.809271759875596,NA
"hsa-miR-4647",0,0,0,0,1,NA
"hsa-miR-4651",0.378043463760539,2.10439467656436,3.0289434416675,0.694761958118917,0.487204492279725,NA
"hsa-miR-4655-5p",0.254710682775398,1.6241324291062,3.04534915994708,0.533315670487657,0.593815081858303,NA
"hsa-miR-4658",0.897901426381835,-0.914505696299842,2.98886330475629,-0.305971067611073,0.759626674711303,NA
"hsa-miR-4660",0.559936126036302,1.50273197568492,3.02542422623195,0.496701243632374,0.619399745315806,NA
"hsa-miR-4662a-5p",0.650548843739351,-0.282333389366427,3.02246696159981,-0.0934115717238433,0.925576597808411,NA
"hsa-miR-4664-3p",0.541238442336081,2.57192016650816,3.01528710383849,0.85296029132154,0.393681325078186,NA
"hsa-miR-4665-5p",1.19183210794076,2.81134732437366,2.9829255373593,0.942479887333183,0.345947003620928,NA
"hsa-miR-4668-5p",0.450239525250796,2.30532106484501,3.02319116019462,0.762545582693688,0.445734448604727,NA
"hsa-miR-4669",1.50316515762937,-0.56453304373083,2.59562512806358,-0.217494058609299,0.827823336731031,NA
"hsa-miR-4672",0.611527222808913,1.67368288169858,3.02057535978883,0.554094065647012,0.579514471240473,NA
"hsa-miR-4676-3p",0,0,0,0,1,NA
"hsa-miR-4677-3p",0.215681883043934,-0.371373620176299,3.06038250977364,-0.121348759179704,0.903414801098538,NA
"hsa-miR-4685-3p",3.60101929041013,0.973668956133842,1.82672602942527,0.533013128651908,0.594024492281575,NA
"hsa-miR-4687-3p",1.00699745380324,0.886011651954482,2.98584858062374,0.296736967073326,0.766667331833751,NA
"hsa-miR-4687-5p",0.966073064676199,1.80471736503631,3.00034029931021,0.601504224521208,0.547504198895065,NA
"hsa-miR-4688",0.881027010936001,-3.27150292995049,2.99924822742498,-1.09077431472194,0.275372201174481,NA
"hsa-miR-4697-3p",0.660812859458259,-2.8684592226164,3.00727789273086,-0.953839094667636,0.340165096799718,NA
"hsa-miR-4700-5p",0,0,0,0,1,NA
"hsa-miR-4701-3p",0.297162463237964,1.80603311921497,3.0390447845794,0.594276572816257,0.552327145012664,NA
"hsa-miR-4706",0.69465642220747,2.92734020037686,3.00639695809412,0.97370381928294,0.330203620403328,NA
"hsa-miR-4710",2.30227451313684,0.871591605696938,1.94423018591366,0.448296509339168,0.653939219521578,NA
"hsa-miR-4714-3p",1.49638749321242,4.03643567897761,2.73916889888655,1.47359868192808,0.140589676464778,NA
"hsa-miR-4716-3p",2.50248200788378,-0.078765176761033,2.37197226067931,-0.0332066179974953,0.973509820635628,NA
"hsa-miR-4725-3p",0.445808852851018,1.06227874499133,3.03988755359225,0.349446723361867,0.726753961268788,NA
"hsa-miR-4726-5p",0.541238442336081,2.57192016650816,3.01528710383849,0.85296029132154,0.393681325078186,NA
"hsa-miR-4732-3p",236.363731252576,0.455468827184812,0.41080030264791,1.10873537397363,0.267544356998312,0.712786085435801
"hsa-miR-4732-5p",341.659105980191,-0.620870666351593,0.419948584188043,-1.47844448041664,0.139288847163706,0.539172943416411
"hsa-miR-4733-5p",0.693617207425479,-2.91155482628866,3.00630980039338,-0.96848130086516,0.332804053335524,NA
"hsa-miR-4734",0.420963232928063,2.22407318337816,3.02542430911101,0.735127689917874,0.462261732032118,NA
"hsa-miR-4742-3p",7.17670563541957,2.98709446327984,1.20929595973809,2.47011034745108,0.0135071379640421,0.16627752597114
"hsa-miR-4742-5p",0.964419835177541,0.907606264626959,2.98674752079197,0.303877799616051,0.761220991829353,NA
"hsa-miR-4745-3p",1.0700231876265,2.62527812489164,2.99832895457486,0.875580419848858,0.381258173662459,NA
"hsa-miR-4745-5p",0.721332714499999,0.480987316676708,3.00880414688354,0.159859962030066,0.872991388504175,NA
"hsa-miR-4746-5p",0.527080616235033,1.97301824160446,3.0224396737407,0.652789949373107,0.513891703967023,NA
"hsa-miR-4747-5p",0.304176189809524,1.82047301993822,3.03850835234002,0.599133788306436,0.549083671564726,NA
"hsa-miR-4748",1.24480307164804,-0.781314949950742,2.96393295778008,-0.263607497564968,0.792082380607145,NA
"hsa-miR-4753-5p",0.843329711150774,-2.20024655928975,3.00608849641297,-0.731930068564251,0.464211252344422,NA
"hsa-miR-4754",0.450385559963878,2.31703533640563,3.02287911787994,0.766499501320005,0.443379148476048,NA
"hsa-miR-4765",0.60137604704009,2.72347017098032,3.01123322209442,0.904436810472637,0.36576382666982,NA
"hsa-miR-4772-3p",5.63219562492408,-0.193421604429666,1.3882214159343,-0.139330514721593,0.889188977788129,0.939573666646171
"hsa-miR-4779",0.828884624387624,-3.18725226579131,3.00074854336761,-1.06215239955241,0.28816650521972,NA
"hsa-miR-4781-3p",0.856798710694278,-3.23777284298315,2.99983850234096,-1.07931571664825,0.280447008942883,NA
"hsa-miR-4785",0.394087364968393,2.14416520949283,3.02774257010023,0.708172891139108,0.47883789856312,NA
"hsa-miR-4800-5p",0.482938211895569,-2.40455510692073,3.01971908249295,-0.796284369914184,0.425866768236633,NA
"hsa-miR-4804-5p",0.33961424370053,1.97533390089469,3.03306775547157,0.651265998700901,0.51487479303137,NA
"hsa-miR-483-3p",547.27011120394,-0.203312195549722,0.54064491938969,-0.376054945229547,0.706876048455243,0.889715891412937
"hsa-miR-483-5p",1286.03729518804,0.00487419275449089,0.500664764797863,0.00973544195078075,0.992232363876317,0.997822405362944
"hsa-miR-484",371.282329317788,0.569542651169651,0.367632504906947,1.54921733951085,0.121329482581618,0.488895840485301
"hsa-miR-485-3p",39.2737154614237,-1.08304717177448,0.631763850231018,-1.71432279858754,0.0864694582801959,0.417156710892297
"hsa-miR-485-5p",9.79593056664398,-0.20245850744074,1.07176246375552,-0.188902405418561,0.85016930826849,0.932629376334691
"hsa-miR-486-3p",99.9466338776746,0.232125983128587,0.377896112508005,0.614258722028186,0.539044374755622,0.874722008126169
"hsa-miR-486-5p",47858.2716170595,0.839941462923827,0.325935338028399,2.57701870562633,0.00996565574836235,0.146460124130355
"hsa-miR-487b-3p",2.28250336868362,-1.20436340673588,2.38644125521378,-0.5046692031931,0.613791195065423,NA
"hsa-miR-487b-5p",0.520212905569109,-2.48897888720587,3.01715271746787,-0.824942957907258,0.409403976141052,NA
"hsa-miR-489-3p",0.600738963143871,-2.73123909305762,3.01055736204397,-0.907220412901646,0.364290251142252,NA
"hsa-miR-491-5p",9.75435335194125,1.34411414815892,1.1471716494936,1.17167657407874,0.241326931646889,0.671346592168213
"hsa-miR-493-3p",4.56695730067314,-1.43060316663922,1.34284784988097,-1.06535015621168,0.286717503525176,NA
"hsa-miR-493-5p",5.62855333872122,-1.60136493822458,1.26125221279411,-1.26966273833288,0.204204791074698,0.58791218075538
"hsa-miR-494-3p",9.0739279830669,-1.7936520825178,0.922849433764065,-1.94360208382201,0.0519434543532882,0.289747081314436
"hsa-miR-497-3p",0.992913294932866,-0.111625354920552,2.97768874980036,-0.0374872474257212,0.970096508080899,NA
"hsa-miR-497-5p",7.74086291983059,-1.03476730023297,1.31372005801995,-0.787661948157033,0.430894468833452,0.82735786484053
"hsa-miR-4999-5p",1.0663153804913,-1.05243991380763,2.97854712330374,-0.353340024595712,0.723833542890961,NA
"hsa-miR-499a-5p",0.829819482922803,-2.15523223206558,3.00709343997142,-0.716716083184322,0.473549299994221,NA
"hsa-miR-5001-3p",1.54052695494882,1.46044501862992,1.89017095716558,0.772652342949943,0.439728158040624,NA
"hsa-miR-5003-3p",0,0,0,0,1,NA
"hsa-miR-5009-5p",1.22663041667345,3.73670135203234,2.91549884154577,1.28166792549681,0.199959161090109,NA
"hsa-miR-500a-3p",42.1818766054616,1.31356117340742,0.390975585047727,3.35970127967729,0.000780267899350657,0.0464817737153073
"hsa-miR-500a-5p",0.941282570737417,1.02270892510994,2.86555420718126,0.356897427571588,0.721168595519873,NA
"hsa-miR-500b-5p",0.864573580801723,0.822223680922373,2.93174533816917,0.280455355455887,0.779128172734704,NA
"hsa-miR-501-3p",35.5553702489761,1.47708176760608,0.477071922771006,3.09614063855751,0.00196057347804433,0.0636295210601659
"hsa-miR-501-5p",1.58695682827107,2.63985243066855,2.2449868979209,1.17588767805876,0.239639763403219,NA
"hsa-miR-5010-3p",1.62543935979526,-0.921695721348368,2.54800425623986,-0.361732410411486,0.717552004867504,NA
"hsa-miR-5010-5p",21.1285058288981,-1.09856754149556,0.662219187958208,-1.65891831809151,0.0971322528826899,0.450340445183381
"hsa-miR-502-3p",29.1624451359739,0.917530935746847,0.466063346649317,1.96868288901773,0.0489895174224289,0.279797649052106
"hsa-miR-503-3p",2.1928187929666,-1.35190876044027,1.94580280074037,-0.694781999453326,0.48719193059285,NA
"hsa-miR-503-5p",7.76574711783205,0.476517184213472,1.34305338011242,0.354801373697882,0.72273839918698,0.889715891412937
"hsa-miR-504-5p",6.74473279820726,-0.167970518672151,1.27787918998009,-0.131444756272123,0.895423485388694,0.939573666646171
"hsa-miR-505-3p",13.1905051811469,-0.65453554431019,0.845034469141497,-0.774566681256396,0.438595751807624,0.82735786484053
"hsa-miR-505-5p",80.1460354582244,-0.0597856921693515,0.366127755247184,-0.163291887360433,0.870288621122721,0.938846074356208
"hsa-miR-508-3p",0.620920558151446,-2.76893886553785,3.00962552601487,-0.920027704976398,0.357558281551635,NA
"hsa-miR-509-3p",1.09674578873947,-1.59979026698545,2.48485674968043,-0.643815892884448,0.519694826645922,NA
"hsa-miR-5090",2.5444804923419,3.99463389202519,1.99814428972853,1.99917188791602,0.0455897591213443,NA
"hsa-miR-5094",0,0,0,0,1,NA
"hsa-miR-511-5p",0.254710682775398,1.6241324291062,3.04534915994708,0.533315670487657,0.593815081858303,NA
"hsa-miR-5187-5p",19.9453627296641,0.264589526187078,0.687783445274783,0.384698887425778,0.700460519589023,0.889715891412937
"hsa-miR-5189-3p",3.97337927597552,-1.20928179011638,1.47980736725405,-0.817188653655879,0.413820625648849,NA
"hsa-miR-5189-5p",2.66478966139319,-3.0690500821841,2.03620892296376,-1.50723732106871,0.131749837166962,NA
"hsa-miR-518b",2.66978286968336,-3.30401768831539,2.52753157803758,-1.30721124001967,0.191140979185528,NA
"hsa-miR-518c-3p",0.297162463237964,1.80603311921497,3.0390447845794,0.594276572816257,0.552327145012664,NA
"hsa-miR-5190",0.815998723535724,3.11400749814293,3.00251947720505,1.03713148966536,0.29967458140438,NA
"hsa-miR-5193",4.57209834436273,-2.96049885924052,1.71976193124798,-1.72145853763153,0.0851676497968034,NA
"hsa-miR-5195-3p",0,0,0,0,1,NA
"hsa-miR-5196-3p",0.900902284460857,3.26669918727885,2.99969444918217,1.08901064512403,0.276149191406637,NA
"hsa-miR-5196-5p",0.520212905569109,-2.48897888720587,3.01715271746787,-0.824942957907258,0.409403976141052,NA
"hsa-miR-532-3p",64.0591760941381,0.430698971852757,0.304102669193066,1.41629461193357,0.156689264724657,0.553378003861325
"hsa-miR-532-5p",120.074306302568,0.310614894552196,0.450023197388854,0.690219740569953,0.490056011042157,0.852275244671035
"hsa-miR-542-3p",8.19117605256353,2.26521959414752,1.38393096987741,1.63680099907596,0.101672056935635,0.453711554075273
"hsa-miR-542-5p",5.8094393782071,0.924183463904375,1.46172760324667,0.632254232492878,0.527220764689708,0.867363193521778
"hsa-miR-543",0.693291451049338,2.94142785243054,3.00608684803628,0.978490642860839,0.327831717002999,NA
"hsa-miR-548ab",0.679715205253892,-0.364421527354761,1.78456540081695,-0.204207437389481,0.83819139962189,NA
"hsa-miR-548ad-5p",1.35705102576674,-1.28698347711753,1.43226004699688,-0.898568301067981,0.368882649450343,NA
"hsa-miR-548ae-5p",3.92589044681766,-0.0626964385609037,1.0642729572935,-0.058910111481498,0.953023704243019,NA
"hsa-miR-548am-5p",0.662499500879827,-0.318264809202163,1.92387696699255,-0.165428878593876,0.868606424978356,NA
"hsa-miR-548ap-5p",0.543227875525226,1.11930700414841,3.03776731048549,0.36846370697482,0.712527502115445,NA
"hsa-miR-548aq-3p",0.418319884832836,0.31887956413405,3.05200115730553,0.10448212425174,0.916786753412763,NA
"hsa-miR-548ar-3p",0.327994624988509,0.589100276726092,3.05469324577457,0.192850878739124,0.847075755857147,NA
"hsa-miR-548at-5p",2.6167508395412,4.84286214846554,2.39173771165753,2.02482994889491,0.0428848286773992,NA
"hsa-miR-548au-5p",0.532875449621699,-0.368440898089041,2.20133041185242,-0.167371920228457,0.867077417915664,NA
"hsa-miR-548ay-5p",1.35705102576674,-1.28698347711753,1.43226004699688,-0.898568301067981,0.368882649450343,NA
"hsa-miR-548az-5p",1.64133402667348,2.10216430322448,1.53101754533093,1.37305043278919,0.169736668815633,NA
"hsa-miR-548b-3p",0.731779762821264,2.98991113219121,3.00504200369867,0.994964838598318,0.319753365789404,NA
"hsa-miR-548b-5p",2.26824358924132,0.926302512494024,1.53001918601774,0.605418886873544,0.544900704872054,NA
"hsa-miR-548c-5p",0.662499500879827,-0.318264809202163,1.92387696699255,-0.165428878593876,0.868606424978356,NA
"hsa-miR-548d-5p",2.69114176335856,-0.102778812774487,1.0872472595682,-0.0945312226542707,0.924687181396864,NA
"hsa-miR-548e-3p",0.760258528472385,3.063874023563,3.00351297274859,1.02009681708122,0.307682546165771,NA
"hsa-miR-548h-3p",0.392058928048658,0.0829001202718117,3.05060427816388,0.0271749832861666,0.97832016878133,NA
"hsa-miR-548j-5p",23.7775297072164,0.682170538050207,0.764384287175743,0.892444480472904,0.372154738623867,0.8201187758563
"hsa-miR-548k",0.434240981313394,2.2456860748254,3.0248183275686,0.74242014945424,0.45783281512899,NA
"hsa-miR-548l",0.539978372739285,0.8138522211452,3.03539575936725,0.26812062928982,0.788606467125671,NA
"hsa-miR-548n",1.25257418520904,1.11143551448613,1.57615984510109,0.705154060319843,0.480714366839628,NA
"hsa-miR-548o-5p",0.662499500879827,-0.318264809202163,1.92387696699255,-0.165428878593876,0.868606424978356,NA
"hsa-miR-548q",0.958834365536662,-2.46874931887591,2.77129083812988,-0.890830108810187,0.373020319824127,NA
"hsa-miR-548s",0.327994624988509,0.589100276726092,3.05469324577457,0.192850878739124,0.847075755857147,NA
"hsa-miR-548z",0.392058928048658,0.0829001202718117,3.05060427816388,0.0271749832861666,0.97832016878133,NA
"hsa-miR-550a-3p",0.827951920645407,0.0581169709326755,2.65717738466804,0.0218716941021745,0.982550304206442,NA
"hsa-miR-552-5p",0.567824404526927,-2.66537162867629,3.01224410286596,-0.884845828444101,0.376239788357959,NA
"hsa-miR-556-3p",0.422202603112623,2.22611044171484,3.02536681278795,0.735815053006224,0.461843259089462,NA
"hsa-miR-5583-3p",0.505107139279286,1.92395658521568,3.02374839578291,0.636281969723057,0.524592654659351,NA
"hsa-miR-5584-5p",0.281490974977424,1.71402649664921,3.04234433274039,0.563390040438092,0.573169317581532,NA
"hsa-miR-5695",0.59711626528641,1.63162973749546,3.02192817114666,0.539930019870837,0.589245294159795,NA
"hsa-miR-5697",1.29766557283925,-0.39842164844552,2.68866755810351,-0.148185537942278,0.882196344858526,NA
"hsa-miR-5698",0.457014286199001,2.34913812023086,3.02203645540435,0.77733612909595,0.436960484645311,NA
"hsa-miR-570-3p",0,0,0,0,1,NA
"hsa-miR-574-3p",156.991469508165,-0.851401651379616,0.358851675380808,-2.37257259695422,0.0176646913550313,0.197443166126148
"hsa-miR-574-5p",9.54590894713408,-0.503164466243264,0.860234268846473,-0.584915626435088,0.558604450837031,0.876381027235558
"hsa-miR-576-3p",1.69415986387896,0.825248839932656,2.25896351818044,0.365321897981505,0.714871134141045,NA
"hsa-miR-576-5p",45.8295438039394,0.497215686348229,0.720670360002384,0.689934974357186,0.490235080507213,0.852275244671035
"hsa-miR-579-3p",0.728562377857411,-3.003143610656,3.00434473106638,-0.999600205529693,0.317504023653731,NA
"hsa-miR-579-5p",1.59118420990789,0.0652338129005538,2.8753186174756,0.022687507570144,0.981899540787114,NA
"hsa-miR-582-3p",0.708307119767136,-1.99431779733084,3.01094953019566,-0.662355106696605,0.507743667732644,NA
"hsa-miR-584-3p",0.443149082917764,1.09913225311508,3.03850822754232,0.361734170456437,0.717550689491564,NA
"hsa-miR-584-5p",417.31643022308,0.111934585349545,0.272778204727292,0.410350179778662,0.681549086946812,0.884176186771065
"hsa-miR-589-3p",0.609715462969842,2.19925174820176,3.01562610822965,0.729285285798527,0.465827171052254,NA
"hsa-miR-589-5p",17.1611973426477,0.283191026271493,0.641593494549862,0.441386997650558,0.658932853649658,0.884176186771065
"hsa-miR-590-3p",17.9085518049081,0.113201584878119,0.733588835681732,0.154312033351652,0.87736370971752,0.938846074356208
"hsa-miR-590-5p",0.668305741734846,0.516367846029818,3.01639206171742,0.171187244716398,0.864076536692403,NA
"hsa-miR-597-3p",1.52460375872373,4.06116094092291,2.98893348348888,1.35873245870378,0.174231382627613,NA
"hsa-miR-598-3p",14.5613991525583,-0.882728330685415,1.20345495126255,-0.733495117336416,0.463256504761023,0.827981340299246
"hsa-miR-599",24.0122826700901,-1.60587030926627,0.659634668924094,-2.43448439707626,0.0149130227920979,0.177464971225965
"hsa-miR-610",0.445052841548579,-2.30329595844391,3.02299806342622,-0.761924390991303,0.446105131618406,NA
"hsa-miR-6124",0.91045881736479,2.42980762940469,3.00180495747505,0.809448869538982,0.418257001945361,NA
"hsa-miR-6130",0.466969585088229,2.38496380442839,3.02089560270624,0.789488985416061,0.429826264941808,NA
"hsa-miR-6134",0,0,0,0,1,NA
"hsa-miR-615-3p",0,0,0,0,1,NA
"hsa-miR-616-3p",1.44840403884156,3.99225328767035,2.75052854184723,1.45144950395213,0.14665473352968,NA
"hsa-miR-619-5p",0.8968852506632,-3.30144099008248,2.99873562984371,-1.10094433041253,0.270920886706505,NA
"hsa-miR-624-5p",0.976857506383011,2.47118453824903,3.00103002069247,0.823445457462907,0.410254721789252,NA
"hsa-miR-625-3p",172.784607572009,-0.347734422982648,0.415155928582582,-0.837599559688036,0.402255640221625,0.82735786484053
"hsa-miR-625-5p",41.9735361580557,-0.131187411212415,0.380416875354204,-0.344851713242918,0.730205853459289,0.892751677003309
"hsa-miR-627-5p",2.27454124120638,-0.660168664310904,2.1892254778493,-0.301553527030689,0.762992439632396,NA
"hsa-miR-628-3p",80.9590853426366,0.0574577445509833,0.379872124829256,0.151255490454345,0.879774178715141,0.938846074356208
"hsa-miR-628-5p",9.76779950149564,0.702430861847681,1.19288266961351,0.588851594327601,0.555960831709786,0.876381027235558
"hsa-miR-629-3p",0.541238442336081,2.57192016650816,3.01528710383849,0.85296029132154,0.393681325078186,NA
"hsa-miR-629-5p",272.584876731382,-0.0339290562597207,0.869574992911582,-0.0390179760645102,0.968876056699271,0.977086870739096
"hsa-miR-636",8.09719142808282,0.852002751089286,1.10192613486144,0.773194068218031,0.439407536159289,0.82735786484053
"hsa-miR-641",0.328247694617215,-1.87517692032918,3.03921409141557,-0.616994020140179,0.537238669988625,NA
"hsa-miR-642a-3p",1.94340785292173,1.77571168758362,1.96459250971765,0.903857506734984,0.366070963863494,NA
"hsa-miR-642a-5p",4.11920033321299,-0.329332645858035,1.14589524555626,-0.287402052792499,0.773804489572602,NA
"hsa-miR-642b-3p",1.94340785292173,1.77571168758362,1.96459250971765,0.903857506734984,0.366070963863494,NA
"hsa-miR-642b-5p",4.11920033321299,-0.329332645858035,1.14589524555626,-0.287402052792499,0.773804489572602,NA
"hsa-miR-6501-5p",1.16845848494013,0.533450409924723,2.71957459234809,0.196152152408565,0.844491077315154,NA
"hsa-miR-6502-5p",0.44256515746205,1.79747822261293,3.02732782947335,0.593750767628503,0.552678822068105,NA
"hsa-miR-6505-3p",1.18377621672303,3.25139596779366,2.97929894826334,1.09132921007773,0.275128049115552,NA
"hsa-miR-651-5p",1.98173766447929,1.86685878001838,1.93195944453667,0.966303296530171,0.333892437000744,NA
"hsa-miR-6511a-3p",2.3305115166857,-0.736808626004247,1.07418558202202,-0.685923027022295,0.492761648563089,NA
"hsa-miR-6511b-3p",2.3305115166857,-0.736808626004247,1.07418558202202,-0.685923027022295,0.492761648563089,NA
"hsa-miR-6513-3p",1.36863995294125,3.47626779589319,2.52093198014358,1.37896136162119,0.167906667263121,NA
"hsa-miR-6513-5p",0.827374365424415,3.17898549768766,3.00128126559256,1.05920945635197,0.28950439936736,NA
"hsa-miR-6514-5p",0.616399232238761,-2.22171119311286,3.01448012587044,-0.737013050458024,0.461114413102281,NA
"hsa-miR-6516-5p",0.353164748105609,-1.14040696694817,3.0532069198115,-0.373511195572219,0.708768014410055,NA
"hsa-miR-652-3p",71.0469845353997,0.051336664785371,0.392301206359652,0.130860328627965,0.895885797912536,0.939573666646171
"hsa-miR-654-3p",20.6000277132885,-1.34714015610929,0.784857482177043,-1.71641372695153,0.0860863459247631,0.417156710892297
"hsa-miR-659-5p",1.35296165308559,3.86956367014362,2.99102025119479,1.29372700455568,0.19575973412267,NA
"hsa-miR-660-5p",138.607368716439,1.14785412798107,0.509802227762514,2.25156750102665,0.0243496167399266,0.212019833564727
"hsa-miR-664a-5p",165.314737164271,-0.220232484042054,0.300653064029969,-0.732513685674934,0.46385509260462,0.827981340299246
"hsa-miR-664b-5p",32.7050602485752,0.225173009576486,0.444335963425265,0.506762963413288,0.612321146069467,0.883537316520756
"hsa-miR-671-3p",16.8658192263381,-0.86662231861729,0.907463578309565,-0.954994050815401,0.339580705495352,0.813626254106313
"hsa-miR-671-5p",55.2187173012623,0.330015411658586,0.569463686243951,0.579519677251574,0.562238573302167,0.876381027235558
"hsa-miR-6716-3p",0.620920558151446,-2.76893886553785,3.00962552601487,-0.920027704976398,0.357558281551635,NA
"hsa-miR-6721-5p",17.9568176795641,0.495888536162606,1.05514299776073,0.469972825688084,0.638374432393915,0.883537316520756
"hsa-miR-6724-5p",4.78607516976796,-0.192879649777788,1.14898551431419,-0.167869522613533,0.866685927271092,0.938846074356208
"hsa-miR-6726-3p",0.942849319907673,0.194262068759572,2.98291021018654,0.0651250138526372,0.948074464530345,NA
"hsa-miR-6729-3p",0.520505704149683,-2.54143068750477,3.01563097289158,-0.842752548422025,0.399366851450024,NA
"hsa-miR-6730-3p",0.71507004485961,2.97745484083795,3.00530716566399,0.990732286821042,0.321816321098296,NA
"hsa-miR-6730-5p",1.18385063001712,-2.26661445175895,2.99564561837333,-0.756636378434423,0.449267740491614,NA
"hsa-miR-6731-3p",0.458775014098791,2.3518806801634,3.02196385222994,0.778262346992641,0.436414368145583,NA
"hsa-miR-6731-5p",0.80884384640908,3.14914382312942,3.00184312253356,1.04907008613813,0.294145862664164,NA
"hsa-miR-6734-5p",28.7241540063725,-0.388401000650371,0.586971349348778,-0.661703507473213,0.508161256409159,0.865417454378179
"hsa-miR-6735-5p",3.07645078513491,1.45298123454056,1.54994977193467,0.937437625947664,0.348533494181427,NA
"hsa-miR-6736-5p",0,0,0,0,1,NA
"hsa-miR-6738-5p",1.22479832623806,-1.51073618503516,2.71205171548119,-0.55704549305289,0.577496347120859,NA
"hsa-miR-6740-5p",1.49774231525805,-4.03824704059597,2.98893733455381,-1.35106447161389,0.176674781159078,NA
"hsa-miR-6741-3p",4.06322216660771,-0.74185314494023,1.49188366075535,-0.497259380510024,0.61900615201094,NA
"hsa-miR-6741-5p",5.46095650137597,0.569507846265595,1.26815858385801,0.44908251500615,0.653372133225433,0.883537316520756
"hsa-miR-6746-5p",0.472744131922203,0.862720823201499,3.0343283794915,0.28432019060049,0.776165014486809,NA
"hsa-miR-6747-3p",1.29216596760848,1.08873665404111,2.65043094337156,0.4107772197438,0.681235898533381,NA
"hsa-miR-6747-5p",0.843192221347631,-1.17277079030162,2.99874842576784,-0.391086754802157,0.695733110687778,NA
"hsa-miR-675-3p",4.11494924485228,0.239060808833929,1.69288889632,0.141214706619908,0.887700328296465,NA
"hsa-miR-675-5p",0.344550425449885,1.98237521083013,3.03283346173094,0.653638004145048,0.513345053496993,NA
"hsa-miR-6750-5p",2.0491085835246,2.36511529824487,1.94499303846052,1.21600193495648,0.223984184913204,NA
"hsa-miR-6751-5p",0.405171762311792,2.16354267569993,3.02716894797913,0.714708267982288,0.474789327762354,NA
"hsa-miR-6754-5p",0.378043463760539,2.10439467656436,3.0289434416675,0.694761958118917,0.487204492279725,NA
"hsa-miR-6755-3p",0.620920558151446,-2.76893886553785,3.00962552601487,-0.920027704976398,0.357558281551635,NA
"hsa-miR-676-3p",1.35072459073764,-3.89598859193061,2.99046355685876,-1.30280423681973,0.192641603947809,NA
"hsa-miR-6763-5p",0.914087133737653,0.718590769184945,2.99164708154457,0.240199044071048,0.810175954712841,NA
"hsa-miR-6764-5p",0.404156689868369,2.19273151200186,3.02631881634086,0.724554035801522,0.468725665796266,NA
"hsa-miR-6765-5p",0.331230902640707,-1.90318966574678,3.03817355539929,-0.626425591245281,0.531035828310817,NA
"hsa-miR-6767-5p",1.03018535780538,2.08582894532747,2.77609445900708,0.75135373674335,0.452439797148179,NA
"hsa-miR-6769b-3p",0,0,0,0,1,NA
"hsa-miR-6771-5p",0.297162463237964,1.80603311921497,3.0390447845794,0.594276572816257,0.552327145012664,NA
"hsa-miR-6772-3p",2.28222600000057,-2.00937680726123,2.62894650421725,-0.764327765528081,0.444671943167797,NA
"hsa-miR-6777-5p",0.987784592591435,3.43907628331698,2.99683956986029,1.14756769695126,0.251147071510259,NA
"hsa-miR-6780a-5p",9.04328606547961,0.0663090136973756,1.12497223283241,0.0589428003306584,0.952997667558173,0.96928822597797
"hsa-miR-6780b-5p",0,0,0,0,1,NA
"hsa-miR-6783-3p",1.11257689194259,3.6114183107485,2.99430238058771,1.20609673029738,0.227780195440834,NA
"hsa-miR-6783-5p",1.5833721412475,-0.594408346800547,2.34140228982121,-0.253868525449309,0.799597131393235,NA
"hsa-miR-6785-5p",0.785092766438951,0.67485038250218,2.68924652485336,0.250944038140563,0.801857375986223,NA
"hsa-miR-6786-3p",2.33218006359008,1.96081112644476,1.77062310052948,1.10741304903252,0.268115386697081,NA
"hsa-miR-6790-5p",0.283912202263464,-1.70641615257889,3.04590948881319,-0.560232061670281,0.575321160673402,NA
"hsa-miR-6791-5p",0.547505344839783,2.58623263419984,3.01488622944104,0.857820971466418,0.390991327770602,NA
"hsa-miR-6793-3p",0.482938211895569,-2.40455510692073,3.01971908249295,-0.796284369914184,0.425866768236633,NA
"hsa-miR-6793-5p",4.41804578171767,-2.16518157987589,1.69308221949266,-1.2788401856377,0.20095333949474,NA
"hsa-miR-6798-3p",0.407472011710181,-1.07169811435335,3.04237924574238,-0.352256582033,0.724645846434024,NA
"hsa-miR-6799-5p",0.530131558665301,2.55723522721479,3.01570246297113,0.847973319189903,0.396452829833162,NA
"hsa-miR-6802-3p",1.31571853687136,3.41727417847179,2.54598119318592,1.34222286779564,0.179523743958349,NA
"hsa-miR-6802-5p",0.356102746045239,2.03186815293376,3.03121731217535,0.670314247933481,0.50265748630708,NA
"hsa-miR-6803-3p",19.6706490851872,-0.165756410163286,0.67841577406691,-0.244328649921601,0.806976296295817,0.923000882577383
"hsa-miR-6803-5p",0.809399838766172,-0.232920426457962,2.96031757933845,-0.0786808915650238,0.937286444675849,NA
"hsa-miR-6805-5p",9.34581399617502,2.69427736757083,1.21551262678439,2.21657702947807,0.02665200870014,0.221273653626743
"hsa-miR-6810-3p",0.254710682775398,1.6241324291062,3.04534915994708,0.533315670487657,0.593815081858303,NA
"hsa-miR-6810-5p",0.625275098677201,-1.29512849688298,3.01785597018006,-0.429155171645155,0.667810303882483,NA
"hsa-miR-6813-5p",1.98548097867621,2.60780257097411,2.40067160442337,1.08628042509817,0.277354944687123,NA
"hsa-miR-6815-5p",0.327994624988509,0.589100276726092,3.05469324577457,0.192850878739124,0.847075755857147,NA
"hsa-miR-6820-3p",0.618808566598066,0.599049863188303,3.02215438752225,0.198219477357489,0.84287334909835,NA
"hsa-miR-6821-5p",1.89687739449166,0.599225464528259,2.49978851500594,0.239710463877715,0.81055472242345,NA
"hsa-miR-6825-5p",0.700830881588182,-2.95277566295323,3.00541014059059,-0.982486757156209,0.325860103905233,NA
"hsa-miR-6826-3p",0.936020979202554,1.39391181081945,3.00006061417456,0.464627882594623,0.642197961340531,NA
"hsa-miR-6827-3p",0.254710682775398,1.6241324291062,3.04534915994708,0.533315670487657,0.593815081858303,NA
"hsa-miR-6829-5p",0.450385559963878,2.31703533640563,3.02287911787994,0.766499501320005,0.443379148476048,NA
"hsa-miR-6831-5p",0.8968852506632,-3.30144099008248,2.99873562984371,-1.10094433041253,0.270920886706505,NA
"hsa-miR-6832-5p",0.902788558129039,0.191059316221123,2.88321479788794,0.0662660709015091,0.947165995327081,NA
"hsa-miR-6833-5p",0.842011602394226,1.65656096890806,3.01049446575763,0.550262087424619,0.582139623990839,NA
"hsa-miR-6840-5p",0.450385559963878,2.31703533640563,3.02287911787994,0.766499501320005,0.443379148476048,NA
"hsa-miR-6842-3p",1.89399687073082,-0.210654818495451,2.47031293759189,-0.0852745477262494,0.932043125785473,NA
"hsa-miR-6842-5p",1.20658100936906,-0.55084147790535,2.42600162960076,-0.227057340433856,0.820379155109257,NA
"hsa-miR-6850-5p",0.869972991406458,1.77469048090764,3.00764762893061,0.59005930875574,0.555150888047088,NA
"hsa-miR-6852-5p",5.48280666120034,-0.417171295371266,1.42455385769751,-0.292843470337818,0.76964179951309,0.906805684574828
"hsa-miR-6855-3p",0.721651256448108,2.98579790793063,3.0051293152631,0.993567196182113,0.320433621176847,NA
"hsa-miR-6858-5p",0,0,0,0,1,NA
"hsa-miR-6859-5p",0.724907085431927,0.353599502294459,2.71793269053354,0.130098697265769,0.896488340793123,NA
"hsa-miR-6860",0,0,0,0,1,NA
"hsa-miR-6864-5p",0.520212905569109,-2.48897888720587,3.01715271746787,-0.824942957907258,0.409403976141052,NA
"hsa-miR-6865-5p",0.780319358353664,-3.08404232133761,3.00270856425479,-1.02708679691764,0.304379595128866,NA
"hsa-miR-6866-5p",0.968349611486878,3.40531202458095,2.99737262375858,1.13609899469584,0.255915135734938,NA
"hsa-miR-6868-3p",0.763269045208973,3.02735092753046,3.00425839813253,1.00768659893313,0.313604940447132,NA
"hsa-miR-6869-5p",1.22410671186375,-0.483544695683275,2.96161830066639,-0.163270430755534,0.870305514316361,NA
"hsa-miR-6873-3p",1.12582709034742,3.62600088921517,2.60975329191055,1.38940370358175,0.164710024731375,NA
"hsa-miR-6877-5p",3.57117371474151,-0.487068430574853,1.57821832164335,-0.308619171311915,0.757611235713073,NA
"hsa-miR-6879-5p",0,0,0,0,1,NA
"hsa-miR-6881-3p",3.04289398056018,1.79886190682763,1.85430586771653,0.970099883814112,0.331996706921934,NA
"hsa-miR-6883-3p",0.927812096736638,0.703943426736297,2.99110233759965,0.235345818124434,0.813940335884885,NA
"hsa-miR-6884-3p",0.65956522103264,2.801645430571,3.00929924614552,0.930995956669812,0.351855655703497,NA
"hsa-miR-6884-5p",1.89657192813091,2.17201323281075,2.46485479536832,0.881193178962166,0.378213270550259,NA
"hsa-miR-6891-5p",0.382215064711846,2.08942218573284,3.02940387826781,0.689713973340378,0.490374076770004,NA
"hsa-miR-6892-5p",1.0388651345775,-0.863522826085936,2.97716858741804,-0.290048346518002,0.77177925136639,NA
"hsa-miR-6894-3p",0.360825628224054,2.02405440190539,3.03146892883461,0.667681064665735,0.504337199462365,NA
"hsa-miR-7-1-3p",3.04509119002231,-3.12626701660831,1.65738980405494,-1.8862593512761,0.0592600140577898,NA
"hsa-miR-7-5p",102.337958508276,0.461474039189619,0.361839842348001,1.27535441148516,0.202183826917817,0.58791218075538
"hsa-miR-708-3p",0.982779358440695,-2.58164113244405,2.99870953030633,-0.860917373407728,0.389283552300511,NA
"hsa-miR-708-5p",9.20255907735621,-0.322275435716403,1.06453530248191,-0.302738138383044,0.762089430588109,0.903175286935157
"hsa-miR-7110-3p",0.559936126036302,1.50273197568492,3.02542422623195,0.496701243632374,0.619399745315806,NA
"hsa-miR-7113-5p",1.48944057647982,0.228772699175851,2.33022130859584,0.0981763827890265,0.921792235656179,NA
"hsa-miR-7114-3p",0.405568253079366,2.18948043329192,3.0264126840919,0.723457327812809,0.469398961587059,NA
"hsa-miR-7151-3p",0.283912202263464,-1.70641615257889,3.04590948881319,-0.560232061670281,0.575321160673402,NA
"hsa-miR-744-5p",810.522217063458,-0.0537660684703532,0.365751258508624,-0.1470017319683,0.883130653260334,0.938846074356208
"hsa-miR-760",2.82981726249827,2.68385441495314,1.68434736251772,1.59340909997411,0.111068445600115,NA
"hsa-miR-766-3p",2.9727494693644,-1.48052269506134,1.88560631126268,-0.78517062984899,0.432353533031872,NA
"hsa-miR-766-5p",3.08800211588364,0.603088633558169,1.73144237684886,0.348315740461291,0.727603073950783,NA
"hsa-miR-769-3p",5.09369206521944,2.22985018041911,1.60204952843013,1.39187343515164,0.16396072744415,0.556912610588187
"hsa-miR-769-5p",26.7969220817779,-0.249955020329982,0.514723448318255,-0.485610323653711,0.627243475500932,0.883537316520756
"hsa-miR-7706",7.92631684670053,-0.402968321081289,1.10132897407208,-0.365892780965659,0.714445083365972,0.889715891412937
"hsa-miR-7845-5p",0.491061115131216,2.41786827849451,3.01985649386344,0.800656681338267,0.423330427042564,NA
"hsa-miR-7848-3p",0.518341055296714,0.055796472529421,3.03594000063566,0.0183786479699001,0.985336786018153,NA
"hsa-miR-7849-3p",0.828996319817206,3.18546802981916,3.00116071621395,1.06141201056294,0.288502700988111,NA
"hsa-miR-7976",4.77280527044885,-0.0629341079989285,1.5252474717988,-0.0412615717531446,0.967087368262759,NA
"hsa-miR-8072",0.699427477316335,2.8842579425133,3.00736395316504,0.959065143903789,0.337525928549995,NA
"hsa-miR-873-5p",0.757070999436238,1.3543926111735,3.0107692579089,0.44984935581353,0.652819066839189,NA
"hsa-miR-874-3p",27.3415009767216,0.00118626048519297,0.575392869028651,0.00206165308790767,0.99835503999672,0.99835503999672
"hsa-miR-874-5p",3.49907865167777,0.403651466867151,1.85256382678917,0.217888021470631,0.827516360417185,NA
"hsa-miR-876-3p",0,0,0,0,1,NA
"hsa-miR-877-3p",2.45783133522164,-2.71757176488571,1.86844372174144,-1.45445738250701,0.145819540791559,NA
"hsa-miR-877-5p",6.15381941597538,0.734266957305036,0.98286724905109,0.747066257436022,0.455023566928589,0.82735786484053
"hsa-miR-885-3p",3.74220539863156,0.888550311607722,1.58516250052608,0.56054209667011,0.575109734262459,NA
"hsa-miR-885-5p",1.22452318407795,-2.45641315302425,2.97064822201503,-0.826894660505455,0.4082967700844,NA
"hsa-miR-887-3p",3.31790999603718,0.607496503872987,1.87545218900516,0.32392001642827,0.745998589401719,NA
"hsa-miR-889-3p",1.1535810483324,3.63512614632439,2.63159668136782,1.38133862687308,0.167174866782554,NA
"hsa-miR-9-3p",0.425432102299227,0.0140787161514573,3.05832802059413,0.00460340292364137,0.996327028852593,NA
"hsa-miR-9-5p",16.3829699151121,0.604125755689087,0.990591310271891,0.609863774721858,0.541952050939043,0.87546100536307
"hsa-miR-92a-1-5p",5.7407559023032,0.460782941763678,1.63417657740414,0.281966433820525,0.7779692483495,0.913602044936748
"hsa-miR-92a-3p",12174.1542792522,0.869174852825579,0.273217608958275,3.18125488375209,0.00146638553729571,0.0581666263127297
"hsa-miR-92b-3p",83.9058045890966,0.195811658573742,0.36792522964697,0.532205031880054,0.59458399826961,0.879207164650729
"hsa-miR-92b-5p",117.300071101796,0.553681934383498,0.484417563274849,1.14298484687548,0.253044882559092,0.679225737395458
"hsa-miR-93-3p",31.8357643436501,0.853964262509922,0.843954364313553,1.01186071027017,0.311604657334027,0.777922116561172
"hsa-miR-93-5p",6020.60223071961,0.306394222110643,0.299555413002527,1.0228298632282,0.306388295650242,0.773545370252543
"hsa-miR-934",0,0,0,0,1,NA
"hsa-miR-935",0.782577042264439,-0.594744156875892,2.99787373561046,-0.198388661207168,0.842740988184698,NA
"hsa-miR-937-3p",1.95292249322267,4.42342728196125,2.23920574166776,1.97544477474709,0.0482176958828172,NA
"hsa-miR-937-5p",1.19905909446179,-1.50487986467033,2.97760092089638,-0.505400120650588,0.61327783413697,NA
"hsa-miR-939-5p",0.635298732118876,2.79083766170703,3.00956055109809,0.927323977810892,0.353758348537027,NA
"hsa-miR-941",15.0068405759181,0.155943884389101,0.469983457098413,0.331807177537414,0.740034864160584,0.896452514614972
"hsa-miR-942-5p",73.3902120892742,0.877863511267137,0.567489783287498,1.54692390439459,0.121881596087372,0.488895840485301
"hsa-miR-95-3p",63.73743159946,0.233360121915169,0.777369311971921,0.300192094441204,0.764030634886324,0.903175286935157
"hsa-miR-96-3p",0.540229016415722,2.55992222301584,3.01562615352412,0.848885801054706,0.395944840479774,NA
"hsa-miR-96-5p",94.6061527701313,1.10283064321784,0.476148764807491,2.3161472311363,0.0205502312251922,0.198281960740368
"hsa-miR-98-5p",595.514501388842,-0.41334063737268,0.264349327510071,-1.56361524073456,0.117907953514152,0.488895840485301
"hsa-miR-9985",8.24354524688553,-0.0587103109958424,0.878979286425063,-0.0667937366699798,0.946745909688967,0.96902911565677
"hsa-miR-99a-3p",4.39456257269643,1.01506816657614,1.540198708016,0.659050135085292,0.509863574898281,NA
"hsa-miR-99a-5p",51.8777064237255,0.220937661591024,0.608918469368507,0.362836196806696,0.716727250693976,0.889715891412937
"hsa-miR-99b-3p",11.1826698497589,-0.0848812794947643,0.908226773552961,-0.0934582440932795,0.925539520841644,0.957732199827441
"hsa-miR-99b-5p",819.229269442106,-0.346760004858934,0.299120748605143,-1.15926429870192,0.246348469395059,0.671346592168213
"unconservative_10_61951",0.449250558142726,2.32858157057217,3.0225739460537,0.770396890905645,0.441064497140619,NA
"unconservative_10_64315",0.413947038767631,-2.18082176441796,3.02727753524044,-0.720390429695026,0.471284640801703,NA
"unconservative_11_70019",1.22971557700694,-3.76219140947891,2.99204200164929,-1.25739926358156,0.20860909576876,NA
"unconservative_11_71841",0.675578339945817,2.89476254400731,3.00712555862657,0.962634412022828,0.335731021882433,NA
"unconservative_12_74302",1.38012550716998,0.51076305318995,2.64494850439917,0.19310888372323,0.846873695403041,NA
"unconservative_12_74390",0,0,0,0,1,NA
"unconservative_12_76706",0.540229016415722,2.55992222301584,3.01562615352412,0.848885801054706,0.395944840479774,NA
"unconservative_14_83301",7.81450993936289,0.16556661011118,1.13105851810227,0.146382001869341,0.883619834688195,0.938846074356208
"unconservative_14_83518",93.6703483226549,-2.51074411007393,1.21961906943278,-2.05862975825855,0.0395297197753768,0.256583817451082
"unconservative_15_85293",0.692317111320484,2.92244279894829,3.00650546139334,0.97203974397369,0.33103077678126,NA
"unconservative_16_91876",23.9463974139164,-2.330986500901,1.59991174923296,-1.45694692349033,0.145131031932245,0.539172943416411
"unconservative_17_100727",12.5034452444193,1.041791804748,0.801983747213738,1.29901860027389,0.193937545955791,0.58791218075538
"unconservative_17_94151",0.986213897328162,3.43968951745735,2.99683000165806,1.14777598847925,0.251061052184088,NA
"unconservative_17_95388",1.89982663486438,-1.96803272776775,2.45264481837615,-0.802412445953239,0.422314416004681,NA
"unconservative_17_95848",2.7519763877907,4.52826859842895,1.9311532137662,2.34485206360078,0.0190346303880139,NA
"unconservative_19_104275",0.33961424370053,1.97533390089469,3.03306775547157,0.651265998700901,0.51487479303137,NA
"unconservative_19_105300",0.378549603017951,-2.088938861686,3.03072975858427,-0.689252763552824,0.49066421805533,NA
"unconservative_19_105841",0,0,0,0,1,NA
"unconservative_1_10544",0.851558738569263,0.196081921441754,2.99113492093365,0.0655543553282943,0.947732630070147,NA
"unconservative_1_2372",2.09970809315857,1.03201032350067,2.44198795112112,0.422610735252348,0.672579292842976,NA
"unconservative_1_2387",1.06883690378043,-3.55663125329201,2.99476855246498,-1.18761473248561,0.234985230882103,NA
"unconservative_1_2547",0.611434930510544,-2.20146481870751,3.01504509797493,-0.730159830838398,0.465292492931118,NA
"unconservative_1_3452",0.975132265562969,3.41703732923905,2.99718611507823,1.14008179607154,0.254252225196614,NA
"unconservative_1_8586",0.611434930510544,-2.20146481870751,3.01504509797493,-0.730159830838398,0.465292492931118,NA
"unconservative_1_989",17.7905721137681,-0.408492894859738,0.816959811200626,-0.500015899508455,0.617063882165195,0.883537316520756
"unconservative_20_110241",0.283532597820404,1.73837407048137,3.04156032620875,0.571540224108664,0.567633502050938,NA
"unconservative_20_111008",0.675286270519653,2.8827067312183,3.00739930115967,0.958538073114106,0.33779150247782,NA
"unconservative_20_111597",0.866935369779621,2.75333703771135,3.00251944582683,0.917008894492985,0.359137979297501,NA
"unconservative_20_111858",0.742814897571618,3.0205175681408,3.00439993386615,1.00536467668401,0.314721282279858,NA
"unconservative_22_114018",11.2374203943555,2.01781862009275,1.23950888458333,1.62791783519249,0.103542309108918,0.456353140146715
"unconservative_22_114902",0,0,0,0,1,NA
"unconservative_22_116193",1.28228370841328,3.78223718720196,2.99206623210108,1.26408872458214,0.206198183187832,NA
"unconservative_2_15221",0.382066024163096,2.12526096699144,3.02830939999475,0.701797830497481,0.482805251951213,NA
"unconservative_2_16398",2.40037514369335,0.56006336674807,2.1476078674324,0.260784743453963,0.794258510409075,NA
"unconservative_2_16903",0.152088094904762,1.09997788220003,3.05858330174126,0.359636398189256,0.719119060501141,NA
"unconservative_2_18294",3.48093369152044,-0.291123902058051,1.71368040726104,-0.169882260907302,0.865102732076413,NA
"unconservative_2_18784",16.133128383337,-1.16570372968382,0.827343191419462,-1.40897240924149,0.158843326700191,0.553378003861325
"unconservative_2_19621",3.44812004144492,2.13093930462664,1.70664853032809,1.24861051749008,0.211807563636662,NA
"unconservative_2_19872",0.508671852289547,-2.48634491047777,3.01723057788461,-0.824048691771165,0.409911891783872,NA
"unconservative_3_23048",0.606915056497294,-2.71565534268827,3.01094961164821,-0.901926532474153,0.367095895888189,NA
"unconservative_3_23152",1.05609313425881,3.5322167538518,2.99543130907621,1.17920138684173,0.238317993992497,NA
"unconservative_3_24464",0.810343524623583,3.14630332669492,3.00189720106673,1.04810495361962,0.294590254272556,NA
"unconservative_3_24799",0.0675286270519653,0.349967144090691,3.06038250977364,0.114354053120169,0.908957135287936,NA
"unconservative_3_25352",0.378549603017951,-2.088938861686,3.03072975858427,-0.689252763552824,0.49066421805533,NA
"unconservative_3_26561",0.420963232928063,2.22407318337816,3.02542430911101,0.735127689917874,0.462261732032118,NA
"unconservative_3_26828",0,0,0,0,1,NA
"unconservative_4_28718",30.7488972882524,0.500485567307133,1.05157983157082,0.475936825984501,0.634119385385462,0.883537316520756
"unconservative_4_29741",0.453339719670669,2.33991886985528,3.02227659207126,0.774223933042363,0.438798377562849,NA
"unconservative_5_33033",3.81859193883645,-2.06016820415572,1.83257181352378,-1.12419507325844,0.260930279075501,NA
"unconservative_5_34138",0.254710682775398,1.6241324291062,3.04534915994708,0.533315670487657,0.593815081858303,NA
"unconservative_5_35397",17.1106926718421,-0.773493794444745,0.962914093170269,-0.803284321966997,0.421810417601373,0.82735786484053
"unconservative_5_37806",0.699427477316335,2.8842579425133,3.00736395316504,0.959065143903789,0.337525928549995,NA
"unconservative_5_38133",0.425298896730606,2.25546095101539,3.02454713229409,0.745718566238591,0.455837441268749,NA
"unconservative_6_38892",3.4325374663877,1.85012806588872,1.56442764455586,1.18262296906289,0.236958605262246,NA
"unconservative_6_44037",0,0,0,0,1,NA
"unconservative_6_45310",12.7685197287103,-1.82524852030658,0.696055407912506,-2.62227474933434,0.0087344984698116,0.135574606683598
"unconservative_6_45582",0,0,0,0,1,NA
"unconservative_7_45856",0.540229016415722,2.55992222301584,3.01562615352412,0.848885801054706,0.395944840479774,NA
"unconservative_7_46455",0,0,0,0,1,NA
"unconservative_7_47130",0.394087364968393,2.14416520949283,3.02774257010023,0.708172891139108,0.47883789856312,NA
"unconservative_7_51111",1.1206311814944,0.602168142388284,2.96906989982307,0.20281373046292,0.839280625610632,NA
"unconservative_9_59783",3.69029812935215,0.138293345624693,2.06745360453195,0.0668906645941401,0.946668744968834,NA
"unconservative_9_60646",0.887052514559278,3.27640566189133,2.9995246129549,1.09230831037044,0.274697608817505,NA
"unconservative_X_117350",0.607757643467687,2.73032468730174,3.01105951898055,0.906765432596345,0.364530853282228,NA
"unconservative_X_118931",0.810343524623583,3.14630332669492,3.00189720106673,1.04810495361962,0.294590254272556,NA
